/*
SQLyog v10.2 
MySQL - 5.6.29-log : Database - dzq
*********************************************************************
*/

/*!40101 SET NAMES utf8 */;

/*!40101 SET SQL_MODE=''*/;

/*!40014 SET @OLD_UNIQUE_CHECKS=@@UNIQUE_CHECKS, UNIQUE_CHECKS=0 */;
/*!40014 SET @OLD_FOREIGN_KEY_CHECKS=@@FOREIGN_KEY_CHECKS, FOREIGN_KEY_CHECKS=0 */;
/*!40101 SET @OLD_SQL_MODE=@@SQL_MODE, SQL_MODE='NO_AUTO_VALUE_ON_ZERO' */;
/*!40111 SET @OLD_SQL_NOTES=@@SQL_NOTES, SQL_NOTES=0 */;
CREATE DATABASE /*!32312 IF NOT EXISTS*/`dzq` /*!40100 DEFAULT CHARACTER SET utf8 */;

USE `dzq`;

/*Table structure for table `admin` */

DROP TABLE IF EXISTS `admin`;

CREATE TABLE `admin` (
  `id` int(10) NOT NULL AUTO_INCREMENT COMMENT '后台管理员列表',
  `name` char(32) DEFAULT NULL COMMENT '用户昵称',
  `account` varchar(20) NOT NULL COMMENT '账号',
  `password` varchar(45) NOT NULL COMMENT '密码',
  `token` varchar(45) NOT NULL,
  `avatar` varchar(45) DEFAULT NULL,
  `age` int(3) DEFAULT NULL,
  `sex` tinyint(1) DEFAULT NULL COMMENT '0：女；1：男',
  `phone` char(11) DEFAULT NULL,
  `email` varchar(45) DEFAULT NULL,
  `status` tinyint(1) NOT NULL DEFAULT '1' COMMENT '0：删除；1：正常',
  `logo_time` char(10) NOT NULL COMMENT '最后登录时间',
  PRIMARY KEY (`id`)
) ENGINE=InnoDB AUTO_INCREMENT=17 DEFAULT CHARSET=utf8;

/*Data for the table `admin` */

insert  into `admin`(`id`,`name`,`account`,`password`,`token`,`avatar`,`age`,`sex`,`phone`,`email`,`status`,`logo_time`) values (15,NULL,'123456','e10adc3949ba59abbe56e057f20f883e','',NULL,NULL,NULL,NULL,NULL,1,''),(16,NULL,'256','','',NULL,NULL,NULL,NULL,NULL,1,'');

/*Table structure for table `category` */

DROP TABLE IF EXISTS `category`;

CREATE TABLE `category` (
  `ca_id` int(11) NOT NULL AUTO_INCREMENT COMMENT '自增id\n',
  `ca_type` varchar(45) NOT NULL COMMENT '类别名字\n',
  `ca_count` int(11) DEFAULT NULL COMMENT '该类别数量\n',
  `ca_cover_img` varchar(60) DEFAULT NULL COMMENT '音乐类别的封面图',
  PRIMARY KEY (`ca_id`)
) ENGINE=InnoDB AUTO_INCREMENT=47 DEFAULT CHARSET=utf8;

/*Data for the table `category` */

insert  into `category`(`ca_id`,`ca_type`,`ca_count`,`ca_cover_img`) values (37,'流行',7,'cover/2016-05-24/57442877ef9e6.jpg'),(38,'古典',2,'cover/2016-05-24/57442882a71b2.jpeg'),(39,'轻音乐',2,'cover/2016-05-24/57442889ebbf6.jpeg'),(40,'动漫',1,'cover/2016-05-24/5744286b84d89.jpeg'),(41,'原创',3,'cover/2016-05-24/57442b1364b8f.jpeg'),(42,'练习曲',4,'cover/2016-05-24/57442bfcda4c7.jpeg'),(43,'儿歌',1,'cover/2016-05-24/574428c18c34e.jpeg'),(44,'民乐',2,'cover/2016-05-24/574428cb4782f.jpeg'),(45,'其他',1,'cover/2016-05-24/57442d6753e5f.jpeg'),(46,'爵士',1,'cover/2016-05-24/574428daeb7ea.jpeg');

/*Table structure for table `comment` */

DROP TABLE IF EXISTS `comment`;

CREATE TABLE `comment` (
  `com_id` int(11) NOT NULL AUTO_INCREMENT,
  `com_music_id` int(11) NOT NULL COMMENT '要评论的music的id',
  `com_user_token` varchar(45) NOT NULL COMMENT '评论用户token\n',
  `replyed_user_token` varchar(45) NOT NULL DEFAULT '0' COMMENT '回复用户token\n',
  `com_root_id` varchar(45) NOT NULL DEFAULT '0' COMMENT '评论类型：0 是评论，1是回复',
  `com_parent_id` varchar(45) NOT NULL DEFAULT '0',
  `com_time` varchar(45) NOT NULL DEFAULT '0' COMMENT '评论/回复时间',
  `com_content` varchar(200) NOT NULL COMMENT '评论内容',
  PRIMARY KEY (`com_id`)
) ENGINE=InnoDB AUTO_INCREMENT=332 DEFAULT CHARSET=utf8 COMMENT='对“某曲”的评论、回复\n';

/*Data for the table `comment` */

insert  into `comment`(`com_id`,`com_music_id`,`com_user_token`,`replyed_user_token`,`com_root_id`,`com_parent_id`,`com_time`,`com_content`) values (319,61,'69603e78d4eea28b8848e2dae0deffd9','0','0','0','1464093737','我们都会被迫辞职'),(320,55,'69603e78d4eea28b8848e2dae0deffd9','0','0','0','1464093761','我们都会被迫辞职'),(321,54,'69603e78d4eea28b8848e2dae0deffd9','0','0','0','1464151024','Tttttttt '),(322,55,'25e9c0e6b0b88ff65a014f04a7cbeb05','0','0','0','1464151216','Good '),(323,55,'25e9c0e6b0b88ff65a014f04a7cbeb05','0','0','0','1464152460','Okay '),(324,62,'25e9c0e6b0b88ff65a014f04a7cbeb05','0','0','0','1464152507','Okay '),(325,55,'69603e78d4eea28b8848e2dae0deffd9','25e9c0e6b0b88ff65a014f04a7cbeb05','320','320','0','Really '),(326,55,'25e9c0e6b0b88ff65a014f04a7cbeb05','0','0','0','1464153046','Get your attention '),(327,55,'25e9c0e6b0b88ff65a014f04a7cbeb05','25e9c0e6b0b88ff65a014f04a7cbeb05','326','326','0','Okay '),(328,55,'5bc9e2acfc3c5397909d917178a22fd6','0','0','0','1464155480','Hhhn'),(329,54,'69603e78d4eea28b8848e2dae0deffd9','0','0','0','1464155872','Play music'),(330,54,'69603e78d4eea28b8848e2dae0deffd9','0','0','0','1464155997','Play Music'),(331,54,'69603e78d4eea28b8848e2dae0deffd9','0','0','0','1464156020','Add comment');

/*Table structure for table `feedback` */

DROP TABLE IF EXISTS `feedback`;

CREATE TABLE `feedback` (
  `id` int(10) NOT NULL AUTO_INCREMENT COMMENT '用户信息反馈表',
  `token` int(10) NOT NULL COMMENT '反馈信息的用户token',
  `content` text NOT NULL,
  `create_time` char(10) NOT NULL,
  `status` tinyint(1) NOT NULL DEFAULT '1' COMMENT '1：正常；0：已取消',
  PRIMARY KEY (`id`)
) ENGINE=InnoDB DEFAULT CHARSET=utf8;

/*Data for the table `feedback` */

/*Table structure for table `introduce` */

DROP TABLE IF EXISTS `introduce`;

CREATE TABLE `introduce` (
  `id` int(2) NOT NULL AUTO_INCREMENT COMMENT '产品介绍信息表',
  `content` text NOT NULL,
  PRIMARY KEY (`id`)
) ENGINE=InnoDB AUTO_INCREMENT=2 DEFAULT CHARSET=utf8;

/*Data for the table `introduce` */

insert  into `introduce`(`id`,`content`) values (1,'<p>2345三月123ddddrrrrrrrr工ddddd作室由信工学院李学勇老师组建于2006年3月，旨在提高学生计算机软件编程实践的能力，探索以实际项目开发带动理论学习实践教学的新模式。 &nbsp; dddddasdkjfks135814 &nbsp; &nbsp; &nbsp;工作室现有成员包含在校生70余人，毕业成员50余人，学习方向为Web开发(Php)、移动开发(Android，Ios)、软件测试和美工UI设计等。\r\n经过近十年的发展，三月工作室成为我院历史最长、成绩最卓著、开发软件项目最多、团队最专业、制度最完善、学习方案最先进、学生就业情况最好的软件开发团队，工作室具备开发企业级软件、0e0000000000手机平台App、微信App开发和智能设备开发的能dd力wwww。<img src=\"http://localhost/dzq_api/Public/static/ueditor/php/../../../../Uploads/teaching-material/20160502/14621829974593.jpg\" title=\"]E`5H]))4FR7$Z]MSH`RHSR.jpg\"/></p>');

/*Table structure for table `manager` */

DROP TABLE IF EXISTS `manager`;

CREATE TABLE `manager` (
  `id` int(10) NOT NULL AUTO_INCREMENT COMMENT '管理员',
  `username` varchar(32) NOT NULL COMMENT '昵称',
  `account` int(15) NOT NULL COMMENT '账号',
  `password` char(50) NOT NULL COMMENT '密码',
  `token` varchar(50) NOT NULL,
  `phone` int(11) NOT NULL,
  `email` char(20) NOT NULL,
  `status` tinyint(1) NOT NULL DEFAULT '1' COMMENT '0:已删除；1：正常',
  PRIMARY KEY (`id`)
) ENGINE=InnoDB DEFAULT CHARSET=utf8;

/*Data for the table `manager` */

/*Table structure for table `music` */

DROP TABLE IF EXISTS `music`;

CREATE TABLE `music` (
  `m_id` int(11) NOT NULL AUTO_INCREMENT COMMENT '自增id\n',
  `m_name` varchar(45) NOT NULL COMMENT '名字\n',
  `m_avatar` varchar(45) DEFAULT NULL COMMENT '头像\n',
  `m_intro` varchar(100) DEFAULT NULL COMMENT '简介\n',
  `m_author` varchar(45) DEFAULT NULL COMMENT '作者\n',
  `m_player` varchar(45) DEFAULT NULL COMMENT '演奏者\n',
  `m_uploader` char(32) DEFAULT NULL COMMENT '上传者',
  `m_type` int(11) DEFAULT NULL COMMENT '所属类别,，对应“category”\n',
  `m_md5` char(50) DEFAULT NULL COMMENT '图片md5',
  `m_viewer_count` int(11) DEFAULT '1' COMMENT '浏览量\n',
  `m_good_count` int(11) DEFAULT '1' COMMENT '“赞”的数量\n',
  `m_file` varchar(50) DEFAULT NULL COMMENT '文档',
  `m_score` varchar(8000) DEFAULT NULL COMMENT '乐谱，存放为图片地址',
  `create_time` int(10) NOT NULL COMMENT '上传时间',
  `update_time` int(10) NOT NULL COMMENT '更新时间',
  PRIMARY KEY (`m_id`)
) ENGINE=InnoDB AUTO_INCREMENT=88 DEFAULT CHARSET=utf8;

/*Data for the table `music` */

insert  into `music`(`m_id`,`m_name`,`m_avatar`,`m_intro`,`m_author`,`m_player`,`m_uploader`,`m_type`,`m_md5`,`m_viewer_count`,`m_good_count`,`m_file`,`m_score`,`create_time`,`update_time`) values (54,'War Between Planets','music/2016-05-24/57445c323aaea.jpg','','佚名','Brett Lorenz',NULL,45,'2fffe1bc12158b1861eec41139f72d1b',1,1,'music/2016-05-24/5743f2e58b97d.mxl','<p><img src=\"http://114.215.89.198/dzq_api/Public/static/ueditor/php/../../../../Uploads/teaching-material/20160524/14640974211672.png\" title=\"War Between Planets.png\"/></p>',1464070885,1464070885),(55,'Mad World - Gary Jules','music/2016-05-24/57445c225d106.jpg','Pop','佚名','Gary Jules',NULL,37,'0b2f1ecbe0738662d68d3576d8ac8447',1,1,'music/2016-05-24/5743f3e0870b4.mxl','<p><img src=\"http://114.215.89.198/dzq_api/Public/static/ueditor/php/../../../../Uploads/teaching-material/20160524/14640972497151.png\" title=\"Mad World.png\"/></p>',1464071136,1464071136),(57,'A Major Success','music/2016-05-24/57445c1427b3e.jpg','Im not funny','SONG','Ryan R.',NULL,42,'97800d164b6aba421018b6b94d2d8e53',1,1,'music/2016-05-24/5743f5b77e6a7.mxl','<p><img src=\"http://114.215.89.198/dzq_api/Public/static/ueditor/php/../../../../Uploads/teaching-material/20160524/14640969835343.png\" title=\"A Major Success.png\"/></p>',1464071607,1464071607),(60,'Scottie','music/2016-05-24/57445c06f1ec3.jpg','Jazz','佚名','佚名',NULL,46,'073d93df47e09dc7d4e82436aaabfef7',1,1,'music/2016-05-24/5743f841e0214.mxl','<p><img src=\"http://114.215.89.198/dzq_api/Public/static/ueditor/php/../../../../Uploads/teaching-material/20160524/14640969413421.png\" title=\"Scottie.png\"/></p>',1464072257,1464072257),(61,'Glasgow Love Theme in C version 1','music/2016-05-24/57445bf5ad4ff.jpg','Look for broken C chords and broken Fm chords.','佚名','佚名',NULL,41,'ada7b92ee0ca4fe9002d518179327172',1,1,'music/2016-05-24/5743f8d86d37f.mxl','<p><img src=\"http://114.215.89.198/dzq_api/Public/static/ueditor/php/../../../../Uploads/teaching-material/20160524/14640969181501.png\" title=\"Glasgow Love Theme in C version 1.png\"/></p>',1464072408,1464072408),(62,'SFLS','music/2016-05-24/57445be44dffc.jpg','SFLS','佚名','佚名',NULL,37,'d2358ef409d7b1e173c1b88e367bc8f8',1,1,'music/2016-05-24/5743f9a524265.mxl','<p><embed id=\"xunlei_com_thunder_helper_plugin_d462f475-c18e-46be-bd10-327458d045bd\" type=\"application/thunder_download_plugin\" height=\"0\" width=\"0\"/><img src=\"http://114.215.89.198/dzq_api/Public/static/ueditor/php/../../../../Uploads/teaching-material/20160524/14640843272098.png\" title=\"{7044572D-65E0-E827-48D6-470B7ED616CD}.png\"/></p>',1464072613,1464072613),(65,'Spritz of Dash','music/2016-05-24/57445bcd55b34.jpg','First score after reading tutorial about using computer keyboard for staff input.','佚名','Catherine M. Waisvisz',NULL,37,'72cb5215dbecdccea5ed8329f9e0e8c8',1,1,'music/2016-05-24/5744007a924d1.mxl','<p><img src=\"http://114.215.89.198/dzq_api/Public/static/ueditor/php/../../../../Uploads/teaching-material/20160524/14640968216764.png\" title=\"Spritz of Dash.png\"/></p>',1464074362,1464074362),(66,'Titanic','music/2016-05-24/57445bb9db401.jpg','1. Main Theme / Love Theme\r\n2. New Experiences Theme\r\n3. Parting Theme\r\n4. Sinking Theme','Main/ Love','Composer',NULL,37,'dfd6524093d37cdac81004c6f578363c',1,1,'music/2016-05-24/57440228b0258.mxl','<p><img src=\"http://114.215.89.198/dzq_api/Public/static/ueditor/php/../../../../Uploads/teaching-material/20160524/14640967894962.png\" title=\"Titanic Themes.png\"/></p>',1464074792,1464074792),(67,'El Doche','music/2016-05-24/574402b8c2feb.jpg','还行','佚名','Raikwon Green',NULL,37,'dfd673178e2d6779308681c5db8fb659',1,1,'music/2016-05-24/574402b8c2feb.mxl','<p><img src=\"http://114.215.89.198/dzq_api/Public/static/ueditor/php/../../../../Uploads/teaching-material/20160524/1464096760844.png\" title=\"El Doche.png\"/></p>',1464074936,1464074936),(68,'The friends','music/2016-05-24/57445b9374504.jpg','啊啊啊','song','Nestor',NULL,38,'a2d649851efc7106bf4721038a973c33',1,1,'music/2016-05-24/5744037812ebe.mxl','<p><img src=\"http://114.215.89.198/dzq_api/Public/static/ueditor/php/../../../../Uploads/teaching-material/20160524/14640967321906.png\" title=\"The friends.png\"/></p>',1464075128,1464075128),(69,'Jam Full Score','music/2016-05-24/57445b81f239d.jpg','very good!','佚名','Raikwon Green',NULL,37,'da23cdc7605aeb5a32963d98be51ea6c',1,1,'music/2016-05-24/574404b09b4c8.mxl','<p><img src=\"http://114.215.89.198/dzq_api/Public/static/ueditor/php/../../../../Uploads/teaching-material/20160524/14640967111404.png\" title=\"Jam Full Score.png\"/></p>',1464075440,1464075440),(70,'Based Clef','music/2016-05-24/57445b6e3b26c.jpg','very good ','佚名','Nathaniel Mesplay',NULL,44,'f38db617376ba4a8b9d89b33521f6cce',1,1,'music/2016-05-24/5744052484193.mxl','<p><img src=\"http://114.215.89.198/dzq_api/Public/static/ueditor/php/../../../../Uploads/teaching-material/20160524/14640966899529.png\" title=\"Based Clef.png\"/></p>',1464075556,1464075556),(71,'Dragons','music/2016-05-24/57445b5d78367.jpg','This pieces creates a fantasy. A fantasy in which you are riding a dragon.','佚名','Mason Age',NULL,41,'eca79f1504555238fd46dc835453ab1b',1,1,'music/2016-05-24/574405a474709.mxl','<p><img src=\"http://114.215.89.198/dzq_api/Public/static/ueditor/php/../../../../Uploads/teaching-material/20160524/14640966651764.png\" title=\"Dragons.png\"/></p>',1464075684,1464075684),(72,'Wisps','music/2016-05-24/57440611094a0.jpg','By Phizrotythe the Beautiful Mustache~','佚名','Tristan Willcox',NULL,42,'e89f2ed5972551f58b8b8879e2fd606f',1,1,'music/2016-05-24/5744061105797.mxl','<p><img src=\"http://114.215.89.198/dzq_api/Public/static/ueditor/php/../../../../Uploads/teaching-material/20160524/14640959083182.png\" title=\"Wisps.png\"/></p>',1464075793,1464075793),(73,'The Flowing River','music/2016-05-24/57445b3b15159.jpg','very good ','佚名','Makenna Jolley',NULL,39,'add836f58a26399f00ea8c688ed657a8',1,1,'music/2016-05-24/574406f0b0c47.mxl','<p><img src=\"http://114.215.89.198/dzq_api/Public/static/ueditor/php/../../../../Uploads/teaching-material/20160524/14640958762431.png\" title=\"The Flowing River.png\"/></p>',1464076016,1464076016),(74,'Pure Imagination','music/2016-05-24/57445ad13b658.jpg','Pure Imagination','佚名','Diana C. Davidson-Valencia',NULL,44,'58c124e91d3edc77b1141a9abf931c2c',1,1,'music/2016-05-24/574408046b6de.mxl','<p><img src=\"http://114.215.89.198/dzq_api/Public/static/ueditor/php/../../../../Uploads/teaching-material/20160524/14640958544154.png\" title=\"Pure Imagination.png\"/></p>',1464076292,1464076292),(75,'Epic Sax Guy','music/2016-05-24/57445ac309d3e.jpg','Epic Sax Guy','佚名','Sunstroke Project',NULL,43,'569be7bf5f8751f51efb4426538a8b88',1,1,'music/2016-05-24/574408ba896d8.mxl','<p><img src=\"http://114.215.89.198/dzq_api/Public/static/ueditor/php/../../../../Uploads/teaching-material/20160524/14640958313601.png\" title=\"Epic Sax Guy.png\"/></p>',1464076474,1464076474),(76,'Insanity','music/2016-05-24/57445ab2d7d8c.jpg','Insanity','佚名','A. Joseph Sparks',NULL,42,'3a77c859783378dfda5e87b6c459cbf0',1,1,'music/2016-05-24/574409556e3da.mxl','<p><img src=\"http://114.215.89.198/dzq_api/Public/static/ueditor/php/../../../../Uploads/teaching-material/20160524/14640958072172.png\" title=\"Insanity.png\"/></p>',1464076629,1464076629),(77,'Skye Boat Song','music/2016-05-24/57444424b089d.jpg','My Graduation Challenge Tangible Product','佚名','Sabrina Davis',NULL,41,'ac0ae3a6b27b7b4b64c28da4196b2a8a',1,1,'music/2016-05-24/574409cd06f06.mxl','<p><img src=\"http://114.215.89.198/dzq_api/Public/static/ueditor/php/../../../../Uploads/teaching-material/20160524/14640955405085.png\" title=\"Skye Boat Song.png\"/></p>',1464076749,1464076749),(87,'天空之城','music/2016-05-24/57445cc558bd7.jpg','天空之城非常好听','佚名','天天',NULL,39,'629fbd771df2c3afca2585d41e26233f',1,1,'music/2016-05-24/57445cc558bd7.mxl','<p><img src=\"http://114.215.89.198/dzq_api/Public/static/ueditor/php/../../../../Uploads/teaching-material/20160524/14640979851866.png\" title=\"天空之城.png\"/></p>',1464097989,1464097989);

/*Table structure for table `node_info` */

DROP TABLE IF EXISTS `node_info`;

CREATE TABLE `node_info` (
  `id` varchar(45) DEFAULT NULL,
  `node_name` varchar(60) DEFAULT NULL,
  `node_url` varchar(300) DEFAULT NULL,
  `depth` tinyint(4) DEFAULT NULL,
  `sort` tinyint(4) DEFAULT NULL,
  `status` tinyint(1) DEFAULT NULL
) ENGINE=InnoDB DEFAULT CHARSET=utf8;

/*Data for the table `node_info` */

insert  into `node_info`(`id`,`node_name`,`node_url`,`depth`,`sort`,`status`) values ('01','用户','Admin/User',1,1,0),('0101','用户信息',NULL,2,0,0),('010101','用户列表','Admin/User/index',3,0,0),('02','教学','Admin/Teaching',1,2,0),('0201','资料信息',NULL,2,0,0),('020101','资料管理','Admin/Teaching/index',3,0,0),('03','谱库','Admin/Spectrum',1,3,0),('0301','谱库信息',NULL,2,0,0),('030101','类别','Admin/Spectrum/index',3,0,0),('030102','乐谱','Admin/Spectrum/music',3,0,0),('020102','添加教材','Admin/Teaching/addTeach',3,0,0),('010102','用户管理','Admin/User/manage',3,0,0);

/*Table structure for table `teach` */

DROP TABLE IF EXISTS `teach`;

CREATE TABLE `teach` (
  `id` int(10) NOT NULL AUTO_INCREMENT COMMENT '教学资料',
  `title` char(32) NOT NULL,
  `content` text NOT NULL,
  PRIMARY KEY (`id`)
) ENGINE=InnoDB AUTO_INCREMENT=72 DEFAULT CHARSET=utf8;

/*Data for the table `teach` */

insert  into `teach`(`id`,`title`,`content`) values (66,'第一课：五线谱、谱号和加线','<p style=\"margin-top: 0px; margin-bottom: 2px; font-size: 14px; line-height: normal; font-family: &#39;.PingFang SC&#39;; color: rgb(69, 69, 69);\">第一课：五线谱、谱号和加线</p><p style=\"margin-top: 0px; margin-bottom: 0px; font-size: 12px; line-height: normal; font-family: Helvetica; color: rgb(69, 69, 69); min-height: 14px;\"><br/></p><p style=\"margin-top: 0px; margin-bottom: 0px; font-size: 12px; line-height: normal; font-family: &#39;.PingFang SC&#39;; color: rgb(69, 69, 69);\">记谱法</p><p style=\"margin-top: 0px; margin-bottom: 0px; font-size: 12px; line-height: normal; font-family: &#39;.PingFang SC&#39;; color: rgb(69, 69, 69);\">记录乐曲的方法叫做记谱法。在历史发展过程中，由于乐曲的不同内容和需要而产生了各种各样的记谱方法。下图所示的记谱是现在普遍应用的一种记谱，叫做“五线谱”。</p><p style=\"margin-top: 0px; margin-bottom: 0px; font-size: 12px; line-height: normal; font-family: Helvetica; color: rgb(69, 69, 69); min-height: 14px;\"><br/></p><p style=\"text-align: center;\"><img src=\"http://114.215.89.198/dzq_api/Public/static/ueditor/php/../../../../Uploads/teaching-material/20160524/1464076040628.png\" title=\"011601.png\" width=\"853\" height=\"89\" border=\"0\" hspace=\"0\" vspace=\"0\" style=\"width: 853px; height: 89px;\"/></p><p style=\"margin-top: 0px; margin-bottom: 0px; font-size: 12px; line-height: normal; font-family: Helvetica; color: rgb(69, 69, 69); min-height: 14px;\"><br/></p><p style=\"margin-top: 0px; margin-bottom: 0px; font-size: 12px; line-height: normal; font-family: &#39;.PingFang SC&#39;; color: rgb(69, 69, 69);\">五线谱</p><p style=\"margin-top: 0px; margin-bottom: 0px; font-size: 12px; line-height: normal; font-family: &#39;.PingFang SC&#39;; color: rgb(69, 69, 69);\">用来记载音符的五条平行横线叫做五线谱。如下图所示，五线谱有五条平行的横线，以及由五条线所形成的间。五线谱的线和间，都是自下而上计算的。</p><p style=\"margin-top: 0px; margin-bottom: 0px; font-size: 12px; line-height: normal; font-family: Helvetica; color: rgb(69, 69, 69); min-height: 14px;\"><br/></p><p style=\"text-align:center\"><img src=\"http://114.215.89.198/dzq_api/Public/static/ueditor/php/../../../../Uploads/teaching-material/20160524/14640761854657.png\" title=\"011602.png\" width=\"853\" height=\"104\" border=\"0\" hspace=\"0\" vspace=\"0\" style=\"width: 853px; height: 104px;\"/></p><p style=\"margin-top: 0px; margin-bottom: 0px; font-size: 12px; line-height: normal; font-family: Helvetica; color: rgb(69, 69, 69); min-height: 14px;\"><br/></p><p style=\"margin-top: 0px; margin-bottom: 0px; font-size: 12px; line-height: normal; font-family: &#39;.PingFang SC&#39;; color: rgb(69, 69, 69);\">五线谱和键盘的对应关系</p><p style=\"margin-top: 0px; margin-bottom: 0px; font-size: 12px; line-height: normal; font-family: &#39;.PingFang SC&#39;; color: rgb(69, 69, 69);\">五线谱上的每一条线或者间，对应着钢琴键盘上的一个白键。下图所示画在五线谱第二线上的小圆圈，叫做音符。音符在五线谱上的位置越高，这个音就越高；反之音符在五线谱上的位置越低，音就越低。</p><p style=\"margin-top: 0px; margin-bottom: 0px; font-size: 12px; line-height: normal; font-family: Helvetica; color: rgb(69, 69, 69); min-height: 14px;\"><br/></p><p style=\"text-align:center\"><img src=\"http://114.215.89.198/dzq_api/Public/static/ueditor/php/../../../../Uploads/teaching-material/20160524/14640761989750.png\" title=\"011603.png\" width=\"853\" height=\"89\" border=\"0\" hspace=\"0\" vspace=\"0\" style=\"width: 853px; height: 89px;\"/></p><p style=\"margin-top: 0px; margin-bottom: 0px; font-size: 12px; line-height: normal; font-family: Helvetica; color: rgb(69, 69, 69); min-height: 14px;\"><br/></p><p style=\"margin-top: 0px; margin-bottom: 0px; font-size: 12px; line-height: normal; font-family: &#39;.PingFang SC&#39;; color: rgb(69, 69, 69);\">谱号</p><p style=\"margin-top: 0px; margin-bottom: 0px; font-size: 12px; line-height: normal; font-family: &#39;.PingFang SC&#39;; color: rgb(69, 69, 69);\">前面已经说到，音符在五线谱上的位置越高，音就越高；反之音符在五线谱上的位置越低，音就越低。那么这些音到底高多少？低多少？却无法确定。因此，在五线谱上要确定的音的高低，必须用谱号来标明。</p><p style=\"margin-top: 0px; margin-bottom: 0px; font-size: 12px; line-height: normal; font-family: &#39;.PingFang SC&#39;; color: rgb(69, 69, 69);\">谱号使五线谱的每一条线和每一个间上的音，具有了固定的高度。常用的谱号有两种：高音谱号、低音谱号。</p><p style=\"margin-top: 0px; margin-bottom: 0px; font-size: 12px; line-height: normal; font-family: Helvetica; color: rgb(69, 69, 69); min-height: 14px;\"><br/></p><p style=\"text-align:center\"><img src=\"http://114.215.89.198/dzq_api/Public/static/ueditor/php/../../../../Uploads/teaching-material/20160524/14640762093489.png\" title=\"011604.png\" width=\"853\" height=\"188\" border=\"0\" hspace=\"0\" vspace=\"0\" style=\"width: 853px; height: 188px;\"/></p><p style=\"margin-top: 0px; margin-bottom: 0px; font-size: 12px; line-height: normal; font-family: Helvetica; color: rgb(69, 69, 69); min-height: 14px;\"><br/></p><p style=\"margin-top: 0px; margin-bottom: 0px; font-size: 12px; line-height: normal; font-family: &#39;.PingFang SC&#39;; color: rgb(69, 69, 69);\">高音谱号</p><p style=\"margin-top: 0px; margin-bottom: 0px; font-size: 12px; line-height: normal; font-family: &#39;.PingFang SC&#39;; color: rgb(69, 69, 69);\">高音谱号，又叫做<span style=\"line-height: normal; font-family: Helvetica;\">G</span>谱号。</p><p style=\"margin-top: 0px; margin-bottom: 0px; font-size: 12px; line-height: normal; font-family: Helvetica; color: rgb(69, 69, 69); min-height: 14px;\"><br/></p><p style=\"text-align:center\"><img src=\"http://114.215.89.198/dzq_api/Public/static/ueditor/php/../../../../Uploads/teaching-material/20160524/14640762197794.png\" title=\"011605.png\" width=\"853\" height=\"152\" border=\"0\" hspace=\"0\" vspace=\"0\" style=\"width: 853px; height: 152px;\"/></p><p style=\"margin-top: 0px; margin-bottom: 0px; font-size: 12px; line-height: normal; font-family: Helvetica; color: rgb(69, 69, 69); min-height: 14px;\"><br/></p><p style=\"margin-top: 0px; margin-bottom: 0px; font-size: 12px; line-height: normal; font-family: &#39;.PingFang SC&#39;; color: rgb(69, 69, 69);\">高音谱号（<span style=\"line-height: normal; font-family: Helvetica;\">G</span>谱号）表示，如下图所示的这个<span style=\"line-height: normal; font-family: Helvetica;\">G</span>音，记在五线谱的第二线上。</p><p style=\"margin-top: 0px; margin-bottom: 0px; font-size: 12px; line-height: normal; font-family: Helvetica; color: rgb(69, 69, 69); min-height: 14px;\"><br/></p><p style=\"text-align:center\"><img src=\"http://114.215.89.198/dzq_api/Public/static/ueditor/php/../../../../Uploads/teaching-material/20160524/14640762459329.png\" title=\"011606.png\" width=\"853\" height=\"159\" border=\"0\" hspace=\"0\" vspace=\"0\" style=\"width: 853px; height: 159px;\"/></p><p style=\"margin-top: 0px; margin-bottom: 0px; font-size: 12px; line-height: normal; font-family: Helvetica; color: rgb(69, 69, 69); min-height: 14px;\"><br/></p><p style=\"margin-top: 0px; margin-bottom: 0px; font-size: 12px; line-height: normal; font-family: &#39;.PingFang SC&#39;; color: rgb(69, 69, 69);\"><span style=\"line-height: normal; font-family: Helvetica;\">G</span>音所对应的白键的右边相邻的一个白键，比<span style=\"line-height: normal; font-family: Helvetica;\">G</span>音高，这个音叫做<span style=\"line-height: normal; font-family: Helvetica;\">A</span>音。<span style=\"line-height: normal; font-family: Helvetica;\">A</span>音在五线谱的第二间上。（小贴士：记住，在音乐中，<span style=\"line-height: normal; font-family: Helvetica;\">G</span>的后面不是<span style=\"line-height: normal; font-family: Helvetica;\">H</span>。）</p><p style=\"margin-top: 0px; margin-bottom: 0px; font-size: 12px; line-height: normal; font-family: Helvetica; color: rgb(69, 69, 69); min-height: 14px;\"><br/></p><p style=\"text-align:center\"><img src=\"http://114.215.89.198/dzq_api/Public/static/ueditor/php/../../../../Uploads/teaching-material/20160524/14640762862083.png\" title=\"011607.png\" width=\"853\" height=\"159\" border=\"0\" hspace=\"0\" vspace=\"0\" style=\"width: 853px; height: 159px;\"/></p><p style=\"margin-top: 0px; margin-bottom: 0px; font-size: 12px; line-height: normal; font-family: Helvetica; color: rgb(69, 69, 69); min-height: 14px;\"><br/></p><p style=\"margin-top: 0px; margin-bottom: 0px; font-size: 12px; line-height: normal; font-family: &#39;.PingFang SC&#39;; color: rgb(69, 69, 69);\"><span style=\"line-height: normal; font-family: Helvetica;\">A</span>音所对应的白键的右边相邻的一个白键，比<span style=\"line-height: normal; font-family: Helvetica;\">A</span>音高，这个音叫做<span style=\"line-height: normal; font-family: Helvetica;\">B</span>音。<span style=\"line-height: normal; font-family: Helvetica;\">B</span>音在五线谱的第三个线上。</p><p style=\"margin-top: 0px; margin-bottom: 0px; font-size: 12px; line-height: normal; font-family: Helvetica; color: rgb(69, 69, 69); min-height: 14px;\"><br/></p><p style=\"text-align:center\"><img src=\"http://114.215.89.198/dzq_api/Public/static/ueditor/php/../../../../Uploads/teaching-material/20160524/14640762988386.png\" title=\"011608.png\" width=\"853\" height=\"172\" border=\"0\" hspace=\"0\" vspace=\"0\" style=\"width: 853px; height: 172px;\"/></p><p style=\"margin-top: 0px; margin-bottom: 0px; font-size: 12px; line-height: normal; font-family: Helvetica; color: rgb(69, 69, 69); min-height: 14px;\"><br/></p><p style=\"margin-top: 0px; margin-bottom: 0px; font-size: 12px; line-height: normal; font-family: &#39;.PingFang SC&#39;; color: rgb(69, 69, 69);\">以此类推，我们可以看到，五线谱中的每一个线和间，都对应上了一个固定的音高。</p><p style=\"margin-top: 0px; margin-bottom: 0px; font-size: 12px; line-height: normal; font-family: Helvetica; color: rgb(69, 69, 69); min-height: 14px;\"><br/></p><p style=\"text-align:center\"><img src=\"http://114.215.89.198/dzq_api/Public/static/ueditor/php/../../../../Uploads/teaching-material/20160524/14640763099609.png\" title=\"011609.png\" width=\"853\" height=\"172\" border=\"0\" hspace=\"0\" vspace=\"0\" style=\"width: 853px; height: 172px;\"/></p><p style=\"margin-top: 0px; margin-bottom: 0px; font-size: 12px; line-height: normal; font-family: Helvetica; color: rgb(69, 69, 69); min-height: 14px;\"><br/></p><p style=\"margin-top: 0px; margin-bottom: 0px; font-size: 12px; line-height: normal; font-family: &#39;.PingFang SC&#39;; color: rgb(69, 69, 69);\">可是，然后呢？钢琴的键盘右边还有好多的音，在五线谱上如何表示出来呢？</p><p style=\"margin-top: 0px; margin-bottom: 0px; font-size: 12px; line-height: normal; font-family: Helvetica; color: rgb(69, 69, 69); min-height: 14px;\"><br/></p><p style=\"text-align:center\"><img src=\"http://114.215.89.198/dzq_api/Public/static/ueditor/php/../../../../Uploads/teaching-material/20160524/14640763192809.png\" title=\"011610.png\" width=\"853\" height=\"180\" border=\"0\" hspace=\"0\" vspace=\"0\" style=\"width: 853px; height: 180px;\"/></p><p style=\"margin-top: 0px; margin-bottom: 0px; font-size: 12px; line-height: normal; font-family: Helvetica; color: rgb(69, 69, 69); min-height: 14px;\"><br/></p><p style=\"margin-top: 0px; margin-bottom: 0px; font-size: 12px; line-height: normal; font-family: &#39;.PingFang SC&#39;; color: rgb(69, 69, 69);\">音太高，够不着，那就加个梯子吧。加线可以解决我们的问题。</p><p style=\"margin-top: 0px; margin-bottom: 0px; font-size: 12px; line-height: normal; font-family: Helvetica; color: rgb(69, 69, 69); min-height: 14px;\"><br/></p><p style=\"margin-top: 0px; margin-bottom: 0px; font-size: 12px; line-height: normal; font-family: &#39;.PingFang SC&#39;; color: rgb(69, 69, 69);\">加线</p><p style=\"margin-top: 0px; margin-bottom: 0px; font-size: 12px; line-height: normal; font-family: Helvetica; color: rgb(69, 69, 69); min-height: 14px;\"><br/></p><p style=\"margin-top: 0px; margin-bottom: 0px; font-size: 12px; line-height: normal; font-family: &#39;.PingFang SC&#39;; color: rgb(69, 69, 69);\">加线，是小小的短短的横线，与五线谱的其他线平行，就像架在五线谱第五线上面的小弟子一样。</p><p style=\"margin-top: 0px; margin-bottom: 0px; font-size: 12px; line-height: normal; font-family: Helvetica; color: rgb(69, 69, 69); min-height: 14px;\"><br/></p><p style=\"text-align:center\"><img src=\"http://114.215.89.198/dzq_api/Public/static/ueditor/php/../../../../Uploads/teaching-material/20160524/14640763304552.png\" title=\"011611.png\" width=\"853\" height=\"173\" border=\"0\" hspace=\"0\" vspace=\"0\" style=\"width: 853px; height: 173px;\"/></p><p style=\"margin-top: 0px; margin-bottom: 0px; font-size: 12px; line-height: normal; font-family: Helvetica; color: rgb(69, 69, 69); min-height: 14px;\"><br/></p><p style=\"margin-top: 0px; margin-bottom: 0px; font-size: 12px; line-height: normal; font-family: &#39;.PingFang SC&#39;; color: rgb(69, 69, 69);\">有了这个小梯子，再高的音就能够记录在五线谱上了。</p><p style=\"margin-top: 0px; margin-bottom: 0px; font-size: 12px; line-height: normal; font-family: Helvetica; color: rgb(69, 69, 69); min-height: 14px;\"><br/></p><p style=\"text-align:center\"><img src=\"http://114.215.89.198/dzq_api/Public/static/ueditor/php/../../../../Uploads/teaching-material/20160524/14640763408184.png\" title=\"011612.png\" width=\"853\" height=\"173\" border=\"0\" hspace=\"0\" vspace=\"0\" style=\"width: 853px; height: 173px;\"/></p><p style=\"margin-top: 0px; margin-bottom: 0px; font-size: 12px; line-height: normal; font-family: Helvetica; color: rgb(69, 69, 69); min-height: 14px;\"><br/></p><p style=\"margin-top: 0px; margin-bottom: 0px; font-size: 12px; line-height: normal; font-family: &#39;.PingFang SC&#39;; color: rgb(69, 69, 69);\">接下来，我们来讨论一下低音谱号。如下所示的这个谱号，这就是低音谱号。</p><p style=\"margin-top: 0px; margin-bottom: 0px; font-size: 12px; line-height: normal; font-family: Helvetica; color: rgb(69, 69, 69); min-height: 14px;\"><br/></p><p style=\"text-align:center\"><img src=\"http://114.215.89.198/dzq_api/Public/static/ueditor/php/../../../../Uploads/teaching-material/20160524/14640763535780.png\" title=\"011613.png\" width=\"853\" height=\"89\" border=\"0\" hspace=\"0\" vspace=\"0\" style=\"width: 853px; height: 89px;\"/></p><p style=\"margin-top: 0px; margin-bottom: 0px; font-size: 12px; line-height: normal; font-family: Helvetica; color: rgb(69, 69, 69); min-height: 14px;\"><br/></p><p style=\"margin-top: 0px; margin-bottom: 0px; font-size: 12px; line-height: normal; font-family: &#39;.PingFang SC&#39;; color: rgb(69, 69, 69);\">低音谱号，表示如下图所示的这个<span style=\"line-height: normal; font-family: Helvetica;\">F</span>音，记在五线谱的第四线上。</p><p style=\"margin-top: 0px; margin-bottom: 0px; font-size: 12px; line-height: normal; font-family: Helvetica; color: rgb(69, 69, 69); min-height: 14px;\"><br/></p><p style=\"text-align:center\"><img src=\"http://114.215.89.198/dzq_api/Public/static/ueditor/php/../../../../Uploads/teaching-material/20160524/14640763671035.png\" title=\"011614.png\" width=\"853\" height=\"141\" border=\"0\" hspace=\"0\" vspace=\"0\" style=\"width: 853px; height: 141px;\"/></p><p style=\"margin-top: 0px; margin-bottom: 0px; font-size: 12px; line-height: normal; font-family: Helvetica; color: rgb(69, 69, 69); min-height: 14px;\"><br/></p><p style=\"margin-top: 0px; margin-bottom: 0px; font-size: 12px; line-height: normal; font-family: &#39;.PingFang SC&#39;; color: rgb(69, 69, 69);\">现在我们能够知道低音谱号上，每一条线和每一个间对应钢琴琴键的位置。</p><p style=\"margin-top: 0px; margin-bottom: 0px; font-size: 12px; line-height: normal; font-family: Helvetica; color: rgb(69, 69, 69); min-height: 14px;\"><br/></p><p style=\"text-align:center\"><img src=\"http://114.215.89.198/dzq_api/Public/static/ueditor/php/../../../../Uploads/teaching-material/20160524/14640763784346.png\" title=\"011615.png\" width=\"853\" height=\"161\" border=\"0\" hspace=\"0\" vspace=\"0\" style=\"width: 853px; height: 161px;\"/></p><p style=\"margin-top: 0px; margin-bottom: 0px; font-size: 12px; line-height: normal; font-family: Helvetica; color: rgb(69, 69, 69); min-height: 14px;\"><br/></p><p style=\"margin-top: 0px; margin-bottom: 0px; font-size: 12px; line-height: normal; font-family: &#39;.PingFang SC&#39;; color: rgb(69, 69, 69);\">最后，我们来讨论一下大谱表。看下面这张图，数一数一共有几根平行的横线？</p><p style=\"margin-top: 0px; margin-bottom: 0px; font-size: 12px; line-height: normal; font-family: Helvetica; color: rgb(69, 69, 69); min-height: 14px;\"><br/></p><p style=\"text-align:center\"><img src=\"http://114.215.89.198/dzq_api/Public/static/ueditor/php/../../../../Uploads/teaching-material/20160524/1464076412993.png\" title=\"011616.png\" width=\"853\" height=\"220\" border=\"0\" hspace=\"0\" vspace=\"0\" style=\"width: 853px; height: 220px;\"/></p><p style=\"margin-top: 0px; margin-bottom: 0px; font-size: 12px; line-height: normal; font-family: Helvetica; color: rgb(69, 69, 69); min-height: 14px;\"><br/></p><p style=\"margin-top: 0px; margin-bottom: 0px; font-size: 12px; line-height: normal; font-family: &#39;.PingFang SC&#39;; color: rgb(69, 69, 69);\">发生了什么事？我们擦掉了最中间的那一条横线，现在我们看到了两个五线谱了。</p><p style=\"margin-top: 0px; margin-bottom: 0px; font-size: 12px; line-height: normal; font-family: Helvetica; color: rgb(69, 69, 69); min-height: 14px;\"><br/></p><p style=\"text-align:center\"><img src=\"http://114.215.89.198/dzq_api/Public/static/ueditor/php/../../../../Uploads/teaching-material/20160524/14640764274945.png\" title=\"011617.png\" width=\"853\" height=\"220\" border=\"0\" hspace=\"0\" vspace=\"0\" style=\"width: 853px; height: 220px;\"/></p><p style=\"margin-top: 0px; margin-bottom: 0px; font-size: 12px; line-height: normal; font-family: Helvetica; color: rgb(69, 69, 69); min-height: 14px;\"><br/></p><p style=\"margin-top: 0px; margin-bottom: 0px; font-size: 12px; line-height: normal; font-family: &#39;.PingFang SC&#39;; color: rgb(69, 69, 69);\">发生了什么事？我们擦掉了最中间的那一条横线，现在我们看到了两个五线谱了。</p><p style=\"margin-top: 0px; margin-bottom: 0px; font-size: 12px; line-height: normal; font-family: Helvetica; color: rgb(69, 69, 69); min-height: 14px;\"><br/></p><p style=\"text-align:center\"><img src=\"http://114.215.89.198/dzq_api/Public/static/ueditor/php/../../../../Uploads/teaching-material/20160524/14640764393651.png\" title=\"011618.png\" width=\"853\" height=\"250\" border=\"0\" hspace=\"0\" vspace=\"0\" style=\"width: 853px; height: 250px;\"/></p><p style=\"margin-top: 0px; margin-bottom: 0px; font-size: 12px; line-height: normal; font-family: Helvetica; color: rgb(69, 69, 69); min-height: 14px;\"><br/></p><p style=\"margin-top: 0px; margin-bottom: 0px; font-size: 12px; line-height: normal; font-family: &#39;.PingFang SC&#39;; color: rgb(69, 69, 69);\">看上下两个五线谱，如何共同“分享”了一个音。</p><p style=\"margin-top: 0px; margin-bottom: 0px; font-size: 12px; line-height: normal; font-family: Helvetica; color: rgb(69, 69, 69); min-height: 14px;\"><br/></p><p style=\"text-align:center\"><img src=\"http://114.215.89.198/dzq_api/Public/static/ueditor/php/../../../../Uploads/teaching-material/20160524/14640764591238.png\" title=\"011619.png\" width=\"853\" height=\"250\" border=\"0\" hspace=\"0\" vspace=\"0\" style=\"width: 853px; height: 250px;\"/></p><p style=\"margin-top: 0px; margin-bottom: 0px; font-size: 12px; line-height: normal; font-family: Helvetica; color: rgb(69, 69, 69); min-height: 14px;\"><br/></p><p style=\"margin-top: 0px; margin-bottom: 0px; font-size: 12px; line-height: normal; font-family: &#39;.PingFang SC&#39;; color: rgb(69, 69, 69);\">如同夹在汉堡包中上下两片面包中的牛肉一般，这个夹在画有高音谱号的五线谱和低音谱号的五线谱中间的这个<span style=\"line-height: normal; font-family: Helvetica;\">C</span>音，叫做中央<span style=\"line-height: normal; font-family: Helvetica;\">C</span>。</p><p><br/></p>'),(67,'第二课：音符、音符时值','<p style=\"margin-top: 0px; margin-bottom: 2px; font-size: 14px; line-height: normal; font-family: &#39;.PingFang SC&#39;; color: rgb(69, 69, 69);\">第二课：音符、音符时值</p><p style=\"margin-top: 0px; margin-bottom: 0px; font-size: 12px; line-height: normal; font-family: Helvetica; color: rgb(69, 69, 69); min-height: 14px;\"><br/></p><p style=\"margin-top: 0px; margin-bottom: 0px; font-size: 12px; line-height: normal; font-family: &#39;.PingFang SC&#39;; color: rgb(69, 69, 69);\">一个音符的持续时间叫做音长，或者称为音符时值，音符的类型决定了音符的时值。下图中有一些不同类型的音符，它们从左至右的名字分别为：全音符、二分音符、四分音符、八分音符、十六分音符。</p><p style=\"margin-top: 0px; margin-bottom: 0px; font-size: 12px; line-height: normal; font-family: Helvetica; color: rgb(69, 69, 69); min-height: 14px;\"><br/></p><p style=\"text-align:center\"><img src=\"http://114.215.89.198/dzq_api/Public/static/ueditor/php/../../../../Uploads/teaching-material/20160524/14640778369419.png\" title=\"012801_1.png\" width=\"853\" height=\"110\" border=\"0\" hspace=\"0\" vspace=\"0\" style=\"width: 853px; height: 110px;\"/></p><p style=\"margin-top: 0px; margin-bottom: 0px; font-size: 12px; line-height: normal; font-family: Helvetica; color: rgb(69, 69, 69); min-height: 14px;\"><br/></p><p style=\"margin-top: 0px; margin-bottom: 0px; font-size: 12px; line-height: normal; font-family: &#39;.PingFang SC&#39;; color: rgb(69, 69, 69);\">全音符，在现代音乐中，是时值最长的音符类型。</p><p style=\"margin-top: 0px; margin-bottom: 0px; font-size: 12px; line-height: normal; font-family: Helvetica; color: rgb(69, 69, 69); min-height: 14px;\"><br/></p><p style=\"text-align:center\"><img src=\"http://114.215.89.198/dzq_api/Public/static/ueditor/php/../../../../Uploads/teaching-material/20160524/14640778481806.png\" title=\"012802.png\" width=\"853\" height=\"110\" border=\"0\" hspace=\"0\" vspace=\"0\" style=\"width: 853px; height: 110px;\"/></p><p style=\"margin-top: 0px; margin-bottom: 0px; font-size: 12px; line-height: normal; font-family: Helvetica; color: rgb(69, 69, 69); min-height: 14px;\"><br/></p><p style=\"margin-top: 0px; margin-bottom: 0px; font-size: 12px; line-height: normal; font-family: &#39;.PingFang SC&#39;; color: rgb(69, 69, 69);\">二分音符，它的时值是全音符时值的一半。</p><p style=\"margin-top: 0px; margin-bottom: 0px; font-size: 12px; line-height: normal; font-family: Helvetica; color: rgb(69, 69, 69); min-height: 14px;\"><br/></p><p style=\"text-align:center\"><img src=\"http://114.215.89.198/dzq_api/Public/static/ueditor/php/../../../../Uploads/teaching-material/20160524/14640778591184.png\" title=\"012803.png\" width=\"853\" height=\"110\" border=\"0\" hspace=\"0\" vspace=\"0\" style=\"width: 853px; height: 110px;\"/></p><p style=\"margin-top: 0px; margin-bottom: 0px; font-size: 12px; line-height: normal; font-family: Helvetica; color: rgb(69, 69, 69); min-height: 14px;\"><br/></p><p style=\"margin-top: 0px; margin-bottom: 0px; font-size: 12px; line-height: normal; font-family: &#39;.PingFang SC&#39;; color: rgb(69, 69, 69);\">我们来复习一下，两个二分音符的时值加起来，等于一个全音符的时值。（小贴士：我们可以这么记忆，将一个全音符一分为二，形成两个二分音符，每一个二分音符的时值是全音符的一半）</p><p style=\"margin-top: 0px; margin-bottom: 0px; font-size: 12px; line-height: normal; font-family: Helvetica; color: rgb(69, 69, 69); min-height: 14px;\"><br/></p><p style=\"text-align:center\"><img src=\"http://114.215.89.198/dzq_api/Public/static/ueditor/php/../../../../Uploads/teaching-material/20160524/14640778718202.png\" title=\"012804.png\" width=\"853\" height=\"184\" border=\"0\" hspace=\"0\" vspace=\"0\" style=\"width: 853px; height: 184px;\"/></p><p style=\"margin-top: 0px; margin-bottom: 0px; font-size: 12px; line-height: normal; font-family: Helvetica; color: rgb(69, 69, 69); min-height: 14px;\"><br/></p><p style=\"margin-top: 0px; margin-bottom: 0px; font-size: 12px; line-height: normal; font-family: &#39;.PingFang SC&#39;; color: rgb(69, 69, 69);\">四分音符，它的时值是全音符时值的四分之一。</p><p style=\"margin-top: 0px; margin-bottom: 0px; font-size: 12px; line-height: normal; font-family: Helvetica; color: rgb(69, 69, 69); min-height: 14px;\"><br/></p><p style=\"text-align:center\"><img src=\"http://114.215.89.198/dzq_api/Public/static/ueditor/php/../../../../Uploads/teaching-material/20160524/14640778831146.png\" title=\"012805.png\" width=\"853\" height=\"110\" border=\"0\" hspace=\"0\" vspace=\"0\" style=\"width: 853px; height: 110px;\"/></p><p style=\"margin-top: 0px; margin-bottom: 0px; font-size: 12px; line-height: normal; font-family: Helvetica; color: rgb(69, 69, 69); min-height: 14px;\"><br/></p><p style=\"margin-top: 0px; margin-bottom: 0px; font-size: 12px; line-height: normal; font-family: &#39;.PingFang SC&#39;; color: rgb(69, 69, 69);\">四个四分音符的时值加起来，等于一个全音符的时值。两个四分音符的时值加起来，等于一个二分音符的时值。（小贴士：我们可以这么记忆，将一个全音符一分为四，形成四个四分音符，每一个四分音符的时值是全音符的四分之一）。</p><p style=\"margin-top: 0px; margin-bottom: 0px; font-size: 12px; line-height: normal; font-family: Helvetica; color: rgb(69, 69, 69); min-height: 14px;\"><br/></p><p style=\"text-align:center\"><img src=\"http://114.215.89.198/dzq_api/Public/static/ueditor/php/../../../../Uploads/teaching-material/20160524/1464077893706.png\" title=\"012806.png\" width=\"853\" height=\"333\" border=\"0\" hspace=\"0\" vspace=\"0\" style=\"width: 853px; height: 333px;\"/></p><p style=\"margin-top: 0px; margin-bottom: 0px; font-size: 12px; line-height: normal; font-family: Helvetica; color: rgb(69, 69, 69); min-height: 14px;\"><br/></p><p style=\"margin-top: 0px; margin-bottom: 0px; font-size: 12px; line-height: normal; font-family: &#39;.PingFang SC&#39;; color: rgb(69, 69, 69);\">当一个音符的时值比四分音符还要短时，它就需要一个<span style=\"line-height: normal; font-family: Helvetica;\"> </span>“小尾巴”<span style=\"line-height: normal; font-family: Helvetica;\"> </span>来表示它的时值。这个<span style=\"line-height: normal; font-family: Helvetica;\"> </span>“小尾巴”<span style=\"line-height: normal; font-family: Helvetica;\"> </span>称作符尾。一个符尾表示<span style=\"line-height: normal; font-family: Helvetica;\"> </span>“一半”。如下图所示，一个四分音符加上一条符尾，那么这个音符的时值，是四分音符的时值的一半，它的名字叫做<span style=\"line-height: normal; font-family: Helvetica;\"> </span>“八分音符”。</p><p style=\"margin-top: 0px; margin-bottom: 0px; font-size: 12px; line-height: normal; font-family: Helvetica; color: rgb(69, 69, 69); min-height: 14px;\"><br/></p><p style=\"text-align:center\"><img src=\"http://114.215.89.198/dzq_api/Public/static/ueditor/php/../../../../Uploads/teaching-material/20160524/14640779059425.png\" title=\"012807.png\" width=\"853\" height=\"135\" border=\"0\" hspace=\"0\" vspace=\"0\" style=\"width: 853px; height: 135px;\"/></p><p style=\"margin-top: 0px; margin-bottom: 0px; font-size: 12px; line-height: normal; font-family: Helvetica; color: rgb(69, 69, 69); min-height: 14px;\"><br/></p><p style=\"margin-top: 0px; margin-bottom: 0px; font-size: 12px; line-height: normal; font-family: &#39;.PingFang SC&#39;; color: rgb(69, 69, 69);\">八分音符，有一个符尾，它的时值是一个全音符的八分之一。</p><p style=\"margin-top: 0px; margin-bottom: 0px; font-size: 12px; line-height: normal; font-family: Helvetica; color: rgb(69, 69, 69); min-height: 14px;\"><br/></p><p style=\"text-align:center\"><img src=\"http://114.215.89.198/dzq_api/Public/static/ueditor/php/../../../../Uploads/teaching-material/20160524/14640779172092.png\" title=\"012808.png\" width=\"853\" height=\"110\" border=\"0\" hspace=\"0\" vspace=\"0\" style=\"width: 853px; height: 110px;\"/></p><p style=\"margin-top: 0px; margin-bottom: 0px; font-size: 12px; line-height: normal; font-family: Helvetica; color: rgb(69, 69, 69); min-height: 14px;\"><br/></p><p style=\"margin-top: 0px; margin-bottom: 0px; font-size: 12px; line-height: normal; font-family: &#39;.PingFang SC&#39;; color: rgb(69, 69, 69);\">两个八分音符加起来的时值，等于一个四分音符的时值。</p><p style=\"margin-top: 0px; margin-bottom: 0px; font-size: 12px; line-height: normal; font-family: Helvetica; color: rgb(69, 69, 69); min-height: 14px;\"><br/></p><p style=\"text-align: center\"><img src=\"http://114.215.89.198/dzq_api/Public/static/ueditor/php/../../../../Uploads/teaching-material/20160524/14640779348323.png\" title=\"012809.png\" width=\"853\" height=\"271\" border=\"0\" hspace=\"0\" vspace=\"0\" style=\"width: 853px; height: 271px;\"/></p><p style=\"margin-top: 0px; margin-bottom: 0px; font-size: 12px; line-height: normal; font-family: Helvetica; color: rgb(69, 69, 69); min-height: 14px;\"><br/></p><p style=\"margin-top: 0px; margin-bottom: 0px; font-size: 12px; line-height: normal; font-family: Helvetica; color: rgb(69, 69, 69); min-height: 14px;\"><br/></p><p style=\"margin-top: 0px; margin-bottom: 0px; font-size: 12px; line-height: normal; font-family: &#39;.PingFang SC&#39;; color: rgb(69, 69, 69);\">我们可以猜一下，有两条符尾的音符叫做什么名字？</p><p style=\"margin-top: 0px; margin-bottom: 0px; font-size: 12px; line-height: normal; font-family: &#39;.PingFang SC&#39;; color: rgb(69, 69, 69);\">十六分音符，它的时值是一个全音符的十六分之一。</p><p style=\"margin-top: 0px; margin-bottom: 0px; font-size: 12px; line-height: normal; font-family: Helvetica; color: rgb(69, 69, 69); min-height: 14px;\"><br/></p><p style=\"text-align: center\"><img src=\"http://114.215.89.198/dzq_api/Public/static/ueditor/php/../../../../Uploads/teaching-material/20160524/14640779463571.png\" title=\"012810.png\" width=\"853\" height=\"110\" border=\"0\" hspace=\"0\" vspace=\"0\" style=\"width: 853px; height: 110px;\"/></p><p style=\"margin-top: 0px; margin-bottom: 0px; font-size: 12px; line-height: normal; font-family: Helvetica; color: rgb(69, 69, 69); min-height: 14px;\"><br/></p><p style=\"margin-top: 0px; margin-bottom: 0px; font-size: 12px; line-height: normal; font-family: Helvetica; color: rgb(69, 69, 69); min-height: 14px;\"><br/></p><p style=\"margin-top: 0px; margin-bottom: 0px; font-size: 12px; line-height: normal; font-family: &#39;.PingFang SC&#39;; color: rgb(69, 69, 69);\">两个十六分音符的时值加起来，等于一个八分音符的时值。</p><p style=\"margin-top: 0px; margin-bottom: 0px; font-size: 12px; line-height: normal; font-family: Helvetica; color: rgb(69, 69, 69); min-height: 14px;\"><br/></p><p style=\"text-align: center\"><img src=\"http://114.215.89.198/dzq_api/Public/static/ueditor/php/../../../../Uploads/teaching-material/20160524/14640779589834.png\" title=\"012811.png\" width=\"853\" height=\"412\" border=\"0\" hspace=\"0\" vspace=\"0\" style=\"width: 853px; height: 412px;\"/></p><p style=\"margin-top: 0px; margin-bottom: 0px; font-size: 12px; line-height: normal; font-family: Helvetica; color: rgb(69, 69, 69); min-height: 14px;\"><br/></p><p style=\"margin-top: 0px; margin-bottom: 0px; font-size: 12px; line-height: normal; font-family: Helvetica; color: rgb(69, 69, 69); min-height: 14px;\"><br/></p><p style=\"margin-top: 0px; margin-bottom: 0px; font-size: 12px; line-height: normal; font-family: &#39;.PingFang SC&#39;; color: rgb(69, 69, 69);\">四个十六分音符的时值，等于一个四分音符的时值。</p><p style=\"margin-top: 0px; margin-bottom: 0px; font-size: 12px; line-height: normal; font-family: Helvetica; color: rgb(69, 69, 69); min-height: 14px;\"><br/></p><p style=\"text-align: center\"><img src=\"http://114.215.89.198/dzq_api/Public/static/ueditor/php/../../../../Uploads/teaching-material/20160524/14640779722291.png\" title=\"012812.png\" width=\"853\" height=\"412\" border=\"0\" hspace=\"0\" vspace=\"0\" style=\"width: 853px; height: 412px;\"/></p><p style=\"margin-top: 0px; margin-bottom: 0px; font-size: 12px; line-height: normal; font-family: Helvetica; color: rgb(69, 69, 69); min-height: 14px;\"><br/></p><p style=\"margin-top: 0px; margin-bottom: 0px; font-size: 12px; line-height: normal; font-family: Helvetica; color: rgb(69, 69, 69); min-height: 14px;\"><br/></p><p style=\"margin-top: 0px; margin-bottom: 0px; font-size: 12px; line-height: normal; font-family: &#39;.PingFang SC&#39;; color: rgb(69, 69, 69);\">音符可以有更多的<span style=\"line-height: normal; font-family: Helvetica;\"> </span>“尾巴”，如下图所示，它们分别是：有三个符尾的三十二分音符，和有四个符尾的六十四分音符。</p><p style=\"margin-top: 0px; margin-bottom: 0px; font-size: 12px; line-height: normal; font-family: Helvetica; color: rgb(69, 69, 69); min-height: 14px;\"><br/></p><p style=\"text-align: center\"><img src=\"http://114.215.89.198/dzq_api/Public/static/ueditor/php/../../../../Uploads/teaching-material/20160524/14640779853136.png\" title=\"012813.png\" width=\"853\" height=\"162\" border=\"0\" hspace=\"0\" vspace=\"0\" style=\"width: 853px; height: 162px;\"/></p><p style=\"margin-top: 0px; margin-bottom: 0px; font-size: 12px; line-height: normal; font-family: Helvetica; color: rgb(69, 69, 69); min-height: 14px;\"><br/></p><p style=\"margin-top: 0px; margin-bottom: 0px; font-size: 12px; line-height: normal; font-family: Helvetica; color: rgb(69, 69, 69); min-height: 14px;\"><br/></p><p style=\"margin-top: 0px; margin-bottom: 0px; font-size: 12px; line-height: normal; font-family: &#39;.PingFang SC&#39;; color: rgb(69, 69, 69);\">下图是一个音符关系表，我们来总结一下常用的音符类型之间的时值关系。</p><p style=\"margin-top: 0px; margin-bottom: 0px; font-size: 12px; line-height: normal; font-family: Helvetica; color: rgb(69, 69, 69); min-height: 14px;\"><br/></p><p style=\"text-align: center\"><img src=\"http://114.215.89.198/dzq_api/Public/static/ueditor/php/../../../../Uploads/teaching-material/20160524/14640779988838.png\" title=\"012814.png\" width=\"853\" height=\"435\" border=\"0\" hspace=\"0\" vspace=\"0\" style=\"width: 853px; height: 435px;\"/></p><p><br/></p>'),(68,'第三课：小节线、小节、拍号','<p style=\"margin-top: 0px; margin-bottom: 2px; font-size: 14px; line-height: normal; font-family: &#39;.PingFang SC&#39;; color: rgb(69, 69, 69);\">第三课：小节线、小节、拍号</p><p style=\"margin-top: 0px; margin-bottom: 0px; font-size: 12px; line-height: normal; font-family: Helvetica; color: rgb(69, 69, 69); min-height: 14px;\"><br/></p><p style=\"margin-top: 0px; margin-bottom: 0px; font-size: 12px; line-height: normal; font-family: &#39;.PingFang SC&#39;; color: rgb(69, 69, 69);\">小节线</p><p style=\"margin-top: 0px; margin-bottom: 0px; font-size: 12px; line-height: normal; font-family: &#39;.PingFang SC&#39;; color: rgb(69, 69, 69);\">乐谱中，穿过五线谱使小节彼此分开的垂直线，叫做小节线。</p><p style=\"margin-top: 0px; margin-bottom: 0px; font-size: 12px; line-height: normal; font-family: Helvetica; color: rgb(69, 69, 69); min-height: 14px;\"><br/></p><p style=\"margin-top: 0px; margin-bottom: 0px; font-size: 12px; line-height: normal; font-family: Helvetica; color: rgb(69, 69, 69); min-height: 14px;\"><br/></p><p style=\"margin-top: 0px; margin-bottom: 0px; font-size: 12px; line-height: normal; font-family: &#39;.PingFang SC&#39;; color: rgb(69, 69, 69);\">小节</p><p style=\"margin-top: 0px; margin-bottom: 0px; font-size: 12px; line-height: normal; font-family: &#39;.PingFang SC&#39;; color: rgb(69, 69, 69);\">如下图所示，有一根垂直的竖线将五线谱分割成两个区域，这一根竖线叫做小节线，小节线分割成的两个区域，这两个区域称为小节。</p><p style=\"margin-top: 0px; margin-bottom: 0px; font-size: 12px; line-height: normal; font-family: Helvetica; color: rgb(69, 69, 69); min-height: 14px;\"><br/></p><p style=\"text-align: center\"><img src=\"http://114.215.89.198/dzq_api/Public/static/ueditor/php/../../../../Uploads/teaching-material/20160524/14640792845262.png\" title=\"012815.png\" width=\"853\" height=\"152\" border=\"0\" hspace=\"0\" vspace=\"0\" style=\"width: 853px; height: 152px;\"/></p><p style=\"margin-top: 0px; margin-bottom: 0px; font-size: 12px; line-height: normal; font-family: Helvetica; color: rgb(69, 69, 69); min-height: 14px;\"><br/></p><p style=\"margin-top: 0px; margin-bottom: 0px; font-size: 12px; line-height: normal; font-family: Helvetica; color: rgb(69, 69, 69); min-height: 14px;\"><br/></p><p style=\"margin-top: 0px; margin-bottom: 0px; font-size: 12px; line-height: normal; font-family: &#39;.PingFang SC&#39;; color: rgb(69, 69, 69);\">表示拍子的记号叫做拍号，拍号是用分数来标记的。</p><p style=\"margin-top: 0px; margin-bottom: 0px; font-size: 12px; line-height: normal; font-family: &#39;.PingFang SC&#39;; color: rgb(69, 69, 69);\">分数的分子表示每小节中单位拍的数目，也就是说，每小节有几拍，拍号的分子部分就写几。</p><p style=\"margin-top: 0px; margin-bottom: 0px; font-size: 12px; line-height: normal; font-family: Helvetica; color: rgb(69, 69, 69); min-height: 14px;\"><br/></p><p style=\"margin-top: 0px; margin-bottom: 0px; font-size: 12px; line-height: normal; font-family: &#39;.PingFang SC&#39;; color: rgb(69, 69, 69);\">分数的分母表示单位拍的音符时值，也就是说，几分音符为一拍，拍号的分母部分就写几。</p><p style=\"margin-top: 0px; margin-bottom: 0px; font-size: 12px; line-height: normal; font-family: Helvetica; color: rgb(69, 69, 69); min-height: 14px;\"><br/></p><p style=\"margin-top: 0px; margin-bottom: 0px; font-size: 12px; line-height: normal; font-family: &#39;.PingFang SC&#39;; color: rgb(69, 69, 69);\">如下图所示，我们先来看一看两个不同的拍号：</p><p style=\"margin-top: 0px; margin-bottom: 0px; font-size: 12px; line-height: normal; font-family: Helvetica; color: rgb(69, 69, 69); min-height: 14px;\"><br/></p><p style=\"text-align:center\"><img src=\"http://114.215.89.198/dzq_api/Public/static/ueditor/php/../../../../Uploads/teaching-material/20160524/14640792963492.png\" alt=\"012816.png\" title=\"012816.png\" width=\"853\" height=\"152\" border=\"0\" hspace=\"0\" vspace=\"0\" style=\"width: 853px; height: 152px;\"/></p><p style=\"margin-top: 0px; margin-bottom: 0px; font-size: 12px; line-height: normal; font-family: Helvetica; color: rgb(69, 69, 69); min-height: 14px;\"><br/></p><p style=\"margin-top: 0px; margin-bottom: 0px; font-size: 12px; line-height: normal; font-family: &#39;.PingFang SC&#39;; color: rgb(69, 69, 69);\">第一个拍号：<span style=\"line-height: normal; font-family: Helvetica;\">4</span>/<span style=\"line-height: normal; font-family: Helvetica;\">4</span>，我们读作<span style=\"line-height: normal; font-family: Helvetica;\"> </span>“四四拍”。</p><p style=\"margin-top: 0px; margin-bottom: 0px; font-size: 12px; line-height: normal; font-family: &#39;.PingFang SC&#39;; color: rgb(69, 69, 69);\">在四四拍的这个小节内，有<span style=\"line-height: normal; font-family: Helvetica;\"> 4 </span>个四分音符，每一个四分音符，是一拍。</p><p style=\"margin-top: 0px; margin-bottom: 0px; font-size: 12px; line-height: normal; font-family: Helvetica; color: rgb(69, 69, 69); min-height: 14px;\"><br/></p><p style=\"margin-top: 0px; margin-bottom: 0px; font-size: 12px; line-height: normal; font-family: &#39;.PingFang SC&#39;; color: rgb(69, 69, 69);\">因此这个拍号的意思是，在这个小节中，四分音符为一拍，这个小节有四拍。</p><p style=\"margin-top: 0px; margin-bottom: 0px; font-size: 12px; line-height: normal; font-family: Helvetica; color: rgb(69, 69, 69); min-height: 14px;\"><br/></p><p style=\"text-align:center\"><img src=\"http://114.215.89.198/dzq_api/Public/static/ueditor/php/../../../../Uploads/teaching-material/20160524/14640793092937.png\" alt=\"012817.png\" title=\"012817.png\" width=\"853\" height=\"177\" border=\"0\" hspace=\"0\" vspace=\"0\" style=\"width: 853px; height: 177px;\"/></p><p style=\"margin-top: 0px; margin-bottom: 0px; font-size: 12px; line-height: normal; font-family: Helvetica; color: rgb(69, 69, 69); min-height: 14px;\"><br/></p><p style=\"margin-top: 0px; margin-bottom: 0px; font-size: 12px; line-height: normal; font-family: &#39;.PingFang SC&#39;; color: rgb(69, 69, 69);\">第二个拍号：<span style=\"line-height: normal; font-family: Helvetica;\">3</span>/<span style=\"line-height: normal; font-family: Helvetica;\">4</span>，我们读作<span style=\"line-height: normal; font-family: Helvetica;\"> </span>“三四拍”。</p><p style=\"margin-top: 0px; margin-bottom: 0px; font-size: 12px; line-height: normal; font-family: &#39;.PingFang SC&#39;; color: rgb(69, 69, 69);\">在三四拍的这个小节内，有<span style=\"line-height: normal; font-family: Helvetica;\"> 3 </span>个四分音符，每一个四分音符，也是一拍。</p><p style=\"margin-top: 0px; margin-bottom: 0px; font-size: 12px; line-height: normal; font-family: Helvetica; color: rgb(69, 69, 69); min-height: 14px;\"><br/></p><p style=\"margin-top: 0px; margin-bottom: 0px; font-size: 12px; line-height: normal; font-family: &#39;.PingFang SC&#39;; color: rgb(69, 69, 69);\">因此这个拍号的意思是，在这个小节内，四分音符为一拍，这个小节有三拍。</p><p style=\"margin-top: 0px; margin-bottom: 0px; font-size: 12px; line-height: normal; font-family: Helvetica; color: rgb(69, 69, 69); min-height: 14px;\"><br/></p><p style=\"text-align:center\"><img src=\"http://114.215.89.198/dzq_api/Public/static/ueditor/php/../../../../Uploads/teaching-material/20160524/14640793207898.png\" alt=\"012818.png\" title=\"012818.png\" width=\"853\" height=\"177\" border=\"0\" hspace=\"0\" vspace=\"0\" style=\"width: 853px; height: 177px;\"/></p><p style=\"margin-top: 0px; margin-bottom: 0px; font-size: 12px; line-height: normal; font-family: Helvetica; color: rgb(69, 69, 69); min-height: 14px;\"><br/></p><p style=\"margin-top: 0px; margin-bottom: 0px; font-size: 12px; line-height: normal; font-family: &#39;.PingFang SC&#39;; color: rgb(69, 69, 69);\">好了，接下来，我们要讨论一下，拍号的分母部分不是<span style=\"line-height: normal; font-family: Helvetica;\"> </span>“<span style=\"line-height: normal; font-family: Helvetica;\">4</span>”<span style=\"line-height: normal; font-family: Helvetica;\"> </span>的情况。也就是说，并不是所有的乐曲，都是四分音符为一拍的。比如：</p><p style=\"margin-top: 0px; margin-bottom: 0px; font-size: 12px; line-height: normal; font-family: Helvetica; color: rgb(69, 69, 69); min-height: 14px;\"><br/></p><p style=\"text-align:center\"><img src=\"http://114.215.89.198/dzq_api/Public/static/ueditor/php/../../../../Uploads/teaching-material/20160524/14640793304767.png\" alt=\"012819.png\" title=\"012819.png\" width=\"853\" height=\"152\" border=\"0\" hspace=\"0\" vspace=\"0\" style=\"width: 853px; height: 152px;\"/></p><p style=\"margin-top: 0px; margin-bottom: 0px; font-size: 12px; line-height: normal; font-family: Helvetica; color: rgb(69, 69, 69); min-height: 14px;\"><br/></p><p style=\"margin-top: 0px; margin-bottom: 0px; font-size: 12px; line-height: normal; font-family: &#39;.PingFang SC&#39;; color: rgb(69, 69, 69);\">第一个拍号是<span style=\"line-height: normal; font-family: Helvetica;\"> 6</span>/<span style=\"line-height: normal; font-family: Helvetica;\">8</span>，我们读作<span style=\"line-height: normal; font-family: Helvetica;\"> </span>“六八拍”。</p><p style=\"margin-top: 0px; margin-bottom: 0px; font-size: 12px; line-height: normal; font-family: &#39;.PingFang SC&#39;; color: rgb(69, 69, 69);\">在六八拍的这个小节内，有<span style=\"line-height: normal; font-family: Helvetica;\"> 6 </span>个八分音符，每一个八分音符，是一拍。</p><p style=\"margin-top: 0px; margin-bottom: 0px; font-size: 12px; line-height: normal; font-family: Helvetica; color: rgb(69, 69, 69); min-height: 14px;\"><br/></p><p style=\"margin-top: 0px; margin-bottom: 0px; font-size: 12px; line-height: normal; font-family: &#39;.PingFang SC&#39;; color: rgb(69, 69, 69);\">因此这个拍号的意思是，在这个小节内，八分音符为一拍，这个小节有六拍。</p><p style=\"margin-top: 0px; margin-bottom: 0px; font-size: 12px; line-height: normal; font-family: Helvetica; color: rgb(69, 69, 69); min-height: 14px;\"><br/></p><p style=\"text-align:center\"><img src=\"http://114.215.89.198/dzq_api/Public/static/ueditor/php/../../../../Uploads/teaching-material/20160524/14640793417729.png\" alt=\"012820.png\" title=\"012820.png\" width=\"853\" height=\"177\" border=\"0\" hspace=\"0\" vspace=\"0\" style=\"width: 853px; height: 177px;\"/></p><p style=\"margin-top: 0px; margin-bottom: 0px; font-size: 12px; line-height: normal; font-family: Helvetica; color: rgb(69, 69, 69); min-height: 14px;\"><br/></p><p style=\"margin-top: 0px; margin-bottom: 0px; font-size: 12px; line-height: normal; font-family: &#39;.PingFang SC&#39;; color: rgb(69, 69, 69);\">第二个拍号是<span style=\"line-height: normal; font-family: Helvetica;\"> 3</span>/<span style=\"line-height: normal; font-family: Helvetica;\">2</span>，我们读作<span style=\"line-height: normal; font-family: Helvetica;\"> </span>“三二拍”。</p><p style=\"margin-top: 0px; margin-bottom: 0px; font-size: 12px; line-height: normal; font-family: &#39;.PingFang SC&#39;; color: rgb(69, 69, 69);\">在三二拍的这个小节内，有<span style=\"line-height: normal; font-family: Helvetica;\"> 3 </span>个二分音符，每一个二分音符，是一拍。</p><p style=\"margin-top: 0px; margin-bottom: 0px; font-size: 12px; line-height: normal; font-family: Helvetica; color: rgb(69, 69, 69); min-height: 14px;\"><br/></p><p style=\"margin-top: 0px; margin-bottom: 0px; font-size: 12px; line-height: normal; font-family: &#39;.PingFang SC&#39;; color: rgb(69, 69, 69);\">因此这个拍号的意思是，在这个小节内，二分音符为一拍，这个小节有三拍。</p><p style=\"margin-top: 0px; margin-bottom: 0px; font-size: 12px; line-height: normal; font-family: Helvetica; color: rgb(69, 69, 69); min-height: 14px;\"><br/></p><p style=\"text-align:center\"><img src=\"http://114.215.89.198/dzq_api/Public/static/ueditor/php/../../../../Uploads/teaching-material/20160524/1464079352402.png\" alt=\"012821.png\" title=\"012821.png\" width=\"853\" height=\"177\" border=\"0\" hspace=\"0\" vspace=\"0\" style=\"width: 853px; height: 177px;\"/></p><p style=\"margin-top: 0px; margin-bottom: 0px; font-size: 12px; line-height: normal; font-family: Helvetica; color: rgb(69, 69, 69); min-height: 14px;\"><br/></p><p style=\"margin-top: 0px; margin-bottom: 0px; font-size: 12px; line-height: normal; font-family: &#39;.PingFang SC&#39;; color: rgb(69, 69, 69);\">这一课我们所解释过的所有拍号都在这里，大家可以感受一下。</p><p style=\"margin-top: 0px; margin-bottom: 0px; font-size: 12px; line-height: normal; font-family: Helvetica; color: rgb(69, 69, 69); min-height: 14px;\"><br/></p><p style=\"text-align:center\"><img src=\"http://114.215.89.198/dzq_api/Public/static/ueditor/php/../../../../Uploads/teaching-material/20160524/14640793634665.png\" alt=\"012822.png\" title=\"012822.png\" width=\"853\" height=\"268\" border=\"0\" hspace=\"0\" vspace=\"0\" style=\"width: 853px; height: 268px;\"/></p>'),(69,'第四课：休止符','<p style=\"margin-top: 0px; margin-bottom: 2px; font-size: 14px; line-height: normal; font-family: &#39;.PingFang SC&#39;; color: rgb(69, 69, 69);\">第四课：休止符</p><p style=\"margin-top: 0px; margin-bottom: 0px; font-size: 12px; line-height: normal; font-family: Helvetica; color: rgb(69, 69, 69); min-height: 14px;\"><br/></p><p style=\"margin-top: 0px; margin-bottom: 0px; font-size: 12px; line-height: normal; font-family: &#39;.PingFang SC&#39;; color: rgb(69, 69, 69);\">复习一下<span style=\"line-height: normal; font-family: Helvetica;\"> </span>“音符”<span style=\"line-height: normal; font-family: Helvetica;\"> </span>的概念：</p><p style=\"margin-top: 0px; margin-bottom: 0px; font-size: 12px; line-height: normal; font-family: &#39;.PingFang SC&#39;; color: rgb(69, 69, 69);\">用以记录不同长短的音的进行的符号叫做<span style=\"line-height: normal; font-family: Helvetica;\"> </span>“音符”。</p><p style=\"margin-top: 0px; margin-bottom: 0px; font-size: 12px; line-height: normal; font-family: Helvetica; color: rgb(69, 69, 69); min-height: 14px;\"><br/></p><p style=\"margin-top: 0px; margin-bottom: 0px; font-size: 12px; line-height: normal; font-family: Helvetica; color: rgb(69, 69, 69); min-height: 14px;\"><br/></p><p style=\"margin-top: 0px; margin-bottom: 0px; font-size: 12px; line-height: normal; font-family: &#39;.PingFang SC&#39;; color: rgb(69, 69, 69);\">休止符</p><p style=\"margin-top: 0px; margin-bottom: 0px; font-size: 12px; line-height: normal; font-family: &#39;.PingFang SC&#39;; color: rgb(69, 69, 69);\">用以记录不同长短的音的间断的符号叫做<span style=\"line-height: normal; font-family: Helvetica;\"> </span>“休止符”。</p><p style=\"margin-top: 0px; margin-bottom: 0px; font-size: 12px; line-height: normal; font-family: &#39;.PingFang SC&#39;; color: rgb(69, 69, 69);\">“休止符”，简单来说，就是音符不发出声音，但是时值仍然有效的记谱符号。</p><p style=\"margin-top: 0px; margin-bottom: 0px; font-size: 12px; line-height: normal; font-family: Helvetica; color: rgb(69, 69, 69); min-height: 14px;\"><br/></p><p style=\"margin-top: 0px; margin-bottom: 0px; font-size: 12px; line-height: normal; font-family: Helvetica; color: rgb(69, 69, 69); min-height: 14px;\"><br/></p><p style=\"margin-top: 0px; margin-bottom: 0px; font-size: 12px; line-height: normal; font-family: &#39;.PingFang SC&#39;; color: rgb(69, 69, 69);\">休止符同音符一样，也有很多类型。每一个类型的休止符，都对应了一个音符类型。</p><p style=\"margin-top: 0px; margin-bottom: 0px; font-size: 12px; line-height: normal; font-family: Helvetica; color: rgb(69, 69, 69); min-height: 14px;\"><br/></p><p style=\"text-align:center\"><img src=\"http://114.215.89.198/dzq_api/Public/static/ueditor/php/../../../../Uploads/teaching-material/20160524/14640795087036.png\" alt=\"012901.png\" title=\"012901.png\" width=\"853\" height=\"224\" border=\"0\" hspace=\"0\" vspace=\"0\" style=\"width: 853px; height: 224px;\"/></p><p style=\"margin-top: 0px; margin-bottom: 0px; font-size: 12px; line-height: normal; font-family: Helvetica; color: rgb(69, 69, 69); min-height: 14px;\"><br/></p><p style=\"margin-top: 0px; margin-bottom: 0px; font-size: 12px; line-height: normal; font-family: &#39;.PingFang SC&#39;; color: rgb(69, 69, 69);\">举一个例子。下图所示的四分音符休止符，和它所对应的四分音符的时值，是一样的。</p><p style=\"margin-top: 0px; margin-bottom: 0px; font-size: 12px; line-height: normal; font-family: Helvetica; color: rgb(69, 69, 69); min-height: 14px;\"><br/></p><p style=\"text-align:center\"><img src=\"http://114.215.89.198/dzq_api/Public/static/ueditor/php/../../../../Uploads/teaching-material/20160524/14640795205952.png\" alt=\"012902.png\" title=\"012902.png\" width=\"853\" height=\"224\" border=\"0\" hspace=\"0\" vspace=\"0\" style=\"width: 853px; height: 224px;\"/></p><p style=\"margin-top: 0px; margin-bottom: 0px; font-size: 12px; line-height: normal; font-family: Helvetica; color: rgb(69, 69, 69); min-height: 14px;\"><br/></p><p style=\"margin-top: 0px; margin-bottom: 0px; font-size: 12px; line-height: normal; font-family: &#39;.PingFang SC&#39;; color: rgb(69, 69, 69);\">只不过，音符是有声的，而休止符，是无声的</p><p style=\"margin-top: 0px; margin-bottom: 0px; font-size: 12px; line-height: normal; font-family: &#39;.PingFang SC&#39;; color: rgb(69, 69, 69);\">接下来我们来举例说明休止符的用法。让我们用一个最常见的四四拍小节，来举这个例子。</p><p style=\"margin-top: 0px; margin-bottom: 0px; font-size: 12px; line-height: normal; font-family: &#39;.PingFang SC&#39;; color: rgb(69, 69, 69);\">当我们在弹奏这个小节时，所有的四分音符都是发出声音的。</p><p style=\"margin-top: 0px; margin-bottom: 0px; font-size: 12px; line-height: normal; font-family: Helvetica; color: rgb(69, 69, 69); min-height: 14px;\"><br/></p><p style=\"text-align:center\"><img src=\"http://114.215.89.198/dzq_api/Public/static/ueditor/php/../../../../Uploads/teaching-material/20160524/14640795328925.png\" alt=\"012903.png\" title=\"012903.png\" width=\"853\" height=\"152\" border=\"0\" hspace=\"0\" vspace=\"0\" style=\"width: 853px; height: 152px;\"/></p><p style=\"margin-top: 0px; margin-bottom: 0px; font-size: 12px; line-height: normal; font-family: Helvetica; color: rgb(69, 69, 69); min-height: 14px;\"><br/></p><p style=\"margin-top: 0px; margin-bottom: 0px; font-size: 12px; line-height: normal; font-family: &#39;.PingFang SC&#39;; color: rgb(69, 69, 69);\">现在，我们把第二个四分音符替换成一个四分音符休止符。</p><p style=\"margin-top: 0px; margin-bottom: 0px; font-size: 12px; line-height: normal; font-family: &#39;.PingFang SC&#39;; color: rgb(69, 69, 69);\">于是这个时候，我们在弹奏的时候，第二个四分音符休止符，没有声音了。</p><p style=\"margin-top: 0px; margin-bottom: 0px; font-size: 12px; line-height: normal; font-family: Helvetica; color: rgb(69, 69, 69); min-height: 14px;\"><br/></p><p style=\"text-align:center\"><img src=\"http://114.215.89.198/dzq_api/Public/static/ueditor/php/../../../../Uploads/teaching-material/20160524/14640795452170.png\" alt=\"012904.png\" title=\"012904.png\" width=\"853\" height=\"152\" border=\"0\" hspace=\"0\" vspace=\"0\" style=\"width: 853px; height: 152px;\"/></p><p style=\"margin-top: 0px; margin-bottom: 0px; font-size: 12px; line-height: normal; font-family: Helvetica; color: rgb(69, 69, 69); min-height: 14px;\"><br/></p><p style=\"margin-top: 0px; margin-bottom: 0px; font-size: 12px; line-height: normal; font-family: &#39;.PingFang SC&#39;; color: rgb(69, 69, 69);\">接下来，我们来讨论一下其他类型的休止符。</p><p style=\"margin-top: 0px; margin-bottom: 0px; font-size: 12px; line-height: normal; font-family: Helvetica; color: rgb(69, 69, 69); min-height: 14px;\"><br/></p><p style=\"text-align:center\"><img src=\"http://114.215.89.198/dzq_api/Public/static/ueditor/php/../../../../Uploads/teaching-material/20160524/1464079560712.png\" alt=\"012905.png\" title=\"012905.png\" width=\"853\" height=\"224\" border=\"0\" hspace=\"0\" vspace=\"0\" style=\"width: 853px; height: 224px;\"/></p><p style=\"margin-top: 0px; margin-bottom: 0px; font-size: 12px; line-height: normal; font-family: Helvetica; color: rgb(69, 69, 69); min-height: 14px;\"><br/></p><p style=\"margin-top: 0px; margin-bottom: 0px; font-size: 12px; line-height: normal; font-family: &#39;.PingFang SC&#39;; color: rgb(69, 69, 69);\">全休止符（也就是全音符休止符），它的时值和全音符是相同的。</p><p style=\"margin-top: 0px; margin-bottom: 0px; font-size: 12px; line-height: normal; font-family: Helvetica; color: rgb(69, 69, 69); min-height: 14px;\"><br/></p><p style=\"text-align:center\"><img src=\"http://114.215.89.198/dzq_api/Public/static/ueditor/php/../../../../Uploads/teaching-material/20160524/14640795699711.png\" alt=\"012906.png\" title=\"012906.png\" width=\"853\" height=\"224\" border=\"0\" hspace=\"0\" vspace=\"0\" style=\"width: 853px; height: 224px;\"/></p><p style=\"margin-top: 0px; margin-bottom: 0px; font-size: 12px; line-height: normal; font-family: Helvetica; color: rgb(69, 69, 69); min-height: 14px;\"><br/></p><p style=\"margin-top: 0px; margin-bottom: 0px; font-size: 12px; line-height: normal; font-family: &#39;.PingFang SC&#39;; color: rgb(69, 69, 69);\">全休止符的形象，就是一个倒贴在第四线下面的一个小方块。</p><p style=\"margin-top: 0px; margin-bottom: 0px; font-size: 12px; line-height: normal; font-family: &#39;.PingFang SC&#39;; color: rgb(69, 69, 69);\">二分休止符（也就是二分音符休止符），它的时值和二分音符是相同的。</p><p style=\"margin-top: 0px; margin-bottom: 0px; font-size: 12px; line-height: normal; font-family: Helvetica; color: rgb(69, 69, 69); min-height: 14px;\"><br/></p><p style=\"text-align: center\"><img src=\"http://114.215.89.198/dzq_api/Public/static/ueditor/php/../../../../Uploads/teaching-material/20160524/14640796053692.png\" title=\"012907.png\" width=\"853\" height=\"224\" border=\"0\" hspace=\"0\" vspace=\"0\" style=\"width: 853px; height: 224px;\"/></p><p style=\"margin-top: 0px; margin-bottom: 0px; font-size: 12px; line-height: normal; font-family: Helvetica; color: rgb(69, 69, 69); min-height: 14px;\"><br/></p><p style=\"margin-top: 0px; margin-bottom: 0px; font-size: 12px; line-height: normal; font-family: &#39;.PingFang SC&#39;; color: rgb(69, 69, 69);\">二分休止符的形象，就是一个放置在第三线上面的小方块。</p><p style=\"margin-top: 0px; margin-bottom: 0px; font-size: 12px; line-height: normal; font-family: &#39;.PingFang SC&#39;; color: rgb(69, 69, 69);\">休止符和音符类似，休止符也有<span style=\"line-height: normal; font-family: Helvetica;\"> </span>“小尾巴”。</p><p style=\"margin-top: 0px; margin-bottom: 0px; font-size: 12px; line-height: normal; font-family: Helvetica; color: rgb(69, 69, 69); min-height: 14px;\"><br/></p><p style=\"text-align:center\"><img src=\"http://114.215.89.198/dzq_api/Public/static/ueditor/php/../../../../Uploads/teaching-material/20160524/14640796172258.png\" alt=\"012908.png\" title=\"012908.png\" width=\"853\" height=\"121\" border=\"0\" hspace=\"0\" vspace=\"0\" style=\"width: 853px; height: 121px;\"/></p><p style=\"margin-top: 0px; margin-bottom: 0px; font-size: 12px; line-height: normal; font-family: Helvetica; color: rgb(69, 69, 69); min-height: 14px;\"><br/></p><p style=\"margin-top: 0px; margin-bottom: 0px; font-size: 12px; line-height: normal; font-family: &#39;.PingFang SC&#39;; color: rgb(69, 69, 69);\">有一个休止符符尾的休止符，叫做八分休止符（也就是八分音符休止符），它的时值和八分音符是相同。</p><p style=\"margin-top: 0px; margin-bottom: 0px; font-size: 12px; line-height: normal; font-family: Helvetica; color: rgb(69, 69, 69); min-height: 14px;\"><br/></p><p style=\"text-align:center\"><img src=\"http://114.215.89.198/dzq_api/Public/static/ueditor/php/../../../../Uploads/teaching-material/20160524/14640796271419.png\" alt=\"012909.png\" title=\"012909.png\" width=\"853\" height=\"224\" border=\"0\" hspace=\"0\" vspace=\"0\" style=\"width: 853px; height: 224px;\"/></p><p style=\"margin-top: 0px; margin-bottom: 0px; font-size: 12px; line-height: normal; font-family: Helvetica; color: rgb(69, 69, 69); min-height: 14px;\"><br/></p><p style=\"margin-top: 0px; margin-bottom: 0px; font-size: 12px; line-height: normal; font-family: &#39;.PingFang SC&#39;; color: rgb(69, 69, 69);\">有两个休止符符尾的休止符，叫做十六分休止符（也就是十六分音符休止符），它的时值和十六分音符是相同的。</p><p style=\"margin-top: 0px; margin-bottom: 0px; font-size: 12px; line-height: normal; font-family: Helvetica; color: rgb(69, 69, 69); min-height: 14px;\"><br/></p><p style=\"text-align:center\"><img src=\"http://114.215.89.198/dzq_api/Public/static/ueditor/php/../../../../Uploads/teaching-material/20160524/14640796376003.png\" alt=\"012910.png\" title=\"012910.png\" width=\"853\" height=\"224\" border=\"0\" hspace=\"0\" vspace=\"0\" style=\"width: 853px; height: 224px;\"/></p><p style=\"margin-top: 0px; margin-bottom: 0px; font-size: 12px; line-height: normal; font-family: Helvetica; color: rgb(69, 69, 69); min-height: 14px;\"><br/></p><p style=\"margin-top: 0px; margin-bottom: 0px; font-size: 12px; line-height: normal; font-family: &#39;.PingFang SC&#39;; color: rgb(69, 69, 69);\">和音符的类型类似，休止符还有三十二分休止符和六十四分休止符。它们的<span style=\"line-height: normal; font-family: Helvetica;\"> </span>“小尾巴”<span style=\"line-height: normal; font-family: Helvetica;\"> </span>更多一些。</p><p style=\"margin-top: 0px; margin-bottom: 0px; font-size: 12px; line-height: normal; font-family: Helvetica; color: rgb(69, 69, 69); min-height: 14px;\"><br/></p><p style=\"text-align:center\"><img src=\"http://114.215.89.198/dzq_api/Public/static/ueditor/php/../../../../Uploads/teaching-material/20160524/14640796479882.png\" alt=\"012911.png\" title=\"012911.png\" width=\"853\" height=\"118\" border=\"0\" hspace=\"0\" vspace=\"0\" style=\"width: 853px; height: 118px;\"/></p><p style=\"margin-top: 0px; margin-bottom: 0px; font-size: 12px; line-height: normal; font-family: Helvetica; color: rgb(69, 69, 69); min-height: 14px;\"><br/></p><p style=\"margin-top: 0px; margin-bottom: 0px; font-size: 12px; line-height: normal; font-family: &#39;.PingFang SC&#39;; color: rgb(69, 69, 69);\">我们用这张图来总结一下，不同类型休止符之间的关系。</p><p style=\"margin-top: 0px; margin-bottom: 0px; font-size: 12px; line-height: normal; font-family: Helvetica; color: rgb(69, 69, 69); min-height: 14px;\"><br/></p><p style=\"text-align:center\"><img src=\"http://114.215.89.198/dzq_api/Public/static/ueditor/php/../../../../Uploads/teaching-material/20160524/14640796562613.png\" alt=\"012912.png\" title=\"012912.png\" width=\"853\" height=\"435\" border=\"0\" hspace=\"0\" vspace=\"0\" style=\"width: 853px; height: 435px;\"/></p>'),(70,'第五课：附点，连音线','<p style=\"margin-top: 0px; margin-bottom: 2px; font-size: 14px; line-height: normal; font-family: &#39;.PingFang SC&#39;; color: rgb(69, 69, 69);\">第五课：附点，连音线</p><p style=\"margin-top: 0px; margin-bottom: 0px; font-size: 12px; line-height: normal; font-family: Helvetica; color: rgb(69, 69, 69); min-height: 14px;\"><br/></p><p style=\"margin-top: 0px; margin-bottom: 0px; font-size: 12px; line-height: normal; font-family: &#39;.PingFang SC&#39;; color: rgb(69, 69, 69);\">附点和连音线，在音乐中，是两种最主要的能改变音符时值的符号。</p><p style=\"margin-top: 0px; margin-bottom: 0px; font-size: 12px; line-height: normal; font-family: Helvetica; color: rgb(69, 69, 69); min-height: 14px;\"><br/></p><p style=\"text-align:center\"><img src=\"http://114.215.89.198/dzq_api/Public/static/ueditor/php/../../../../Uploads/teaching-material/20160524/14640798763263.png\" alt=\"012913.png\" title=\"012913.png\" width=\"853\" height=\"161\" border=\"0\" hspace=\"0\" vspace=\"0\" style=\"width: 853px; height: 161px;\"/></p><p style=\"margin-top: 0px; margin-bottom: 0px; font-size: 12px; line-height: normal; font-family: Helvetica; color: rgb(69, 69, 69); min-height: 14px;\"><br/></p><p style=\"margin-top: 0px; margin-bottom: 0px; font-size: 12px; line-height: normal; font-family: &#39;.PingFang SC&#39;; color: rgb(69, 69, 69);\">附点</p><p style=\"margin-top: 0px; margin-bottom: 0px; font-size: 12px; line-height: normal; font-family: &#39;.PingFang SC&#39;; color: rgb(69, 69, 69);\">附点是音符旁边<span style=\"line-height: normal; font-family: Helvetica;\"> </span>“附加”<span style=\"line-height: normal; font-family: Helvetica;\"> </span>的一个点（注意不要写成<span style=\"line-height: normal; font-family: Helvetica;\"> </span>“符点”<span style=\"line-height: normal; font-family: Helvetica;\"> </span>哦）。如果把音符比作一个寄主，把附点比作一个宿主，那么附点这个宿主的时值，等于寄主的一半。我们来举个例子：</p><p style=\"margin-top: 0px; margin-bottom: 0px; font-size: 12px; line-height: normal; font-family: Helvetica; color: rgb(69, 69, 69); min-height: 14px;\"><br/></p><p style=\"text-align:center\"><img src=\"http://114.215.89.198/dzq_api/Public/static/ueditor/php/../../../../Uploads/teaching-material/20160524/14640798877676.png\" alt=\"012914.png\" title=\"012914.png\" width=\"853\" height=\"90\" border=\"0\" hspace=\"0\" vspace=\"0\" style=\"width: 853px; height: 90px;\"/></p><p style=\"margin-top: 0px; margin-bottom: 0px; font-size: 12px; line-height: normal; font-family: Helvetica; color: rgb(69, 69, 69); min-height: 14px;\"><br/></p><p style=\"margin-top: 0px; margin-bottom: 0px; font-size: 12px; line-height: normal; font-family: &#39;.PingFang SC&#39;; color: rgb(69, 69, 69);\">由于四分音符时值的一半就相当于一个八分音符，那么我们可以这么认为：</p><p style=\"margin-top: 0px; margin-bottom: 0px; font-size: 12px; line-height: normal; font-family: Helvetica; color: rgb(69, 69, 69); min-height: 14px;\"><br/></p><p style=\"text-align:center\"><img src=\"http://114.215.89.198/dzq_api/Public/static/ueditor/php/../../../../Uploads/teaching-material/20160524/14640798236742.png\" alt=\"012915.png\" title=\"012903.png\" width=\"853\" height=\"152\" border=\"0\" hspace=\"0\" vspace=\"0\" style=\"width: 853px; height: 152px;\"/></p><p style=\"margin-top: 0px; margin-bottom: 0px; font-size: 12px; line-height: normal; font-family: Helvetica; color: rgb(69, 69, 69); min-height: 14px;\"><br/></p><p style=\"margin-top: 0px; margin-bottom: 0px; font-size: 12px; line-height: normal; font-family: &#39;.PingFang SC&#39;; color: rgb(69, 69, 69);\">上例等号前面的音符，就叫做附点四分音符。从上例可以看到，一个附点四分音符的时值，等于四分音符本身的时值再加上它本身时值的一半，或者说，一个附点四分音符的时值，等于四分音符再加上一个八分音符的时值的总和。</p><p style=\"margin-top: 0px; margin-bottom: 0px; font-size: 12px; line-height: normal; font-family: &#39;.PingFang SC&#39;; color: rgb(69, 69, 69);\">一个附点四分音符的时值也可以分解成下图所示：</p><p style=\"margin-top: 0px; margin-bottom: 0px; font-size: 12px; line-height: normal; font-family: Helvetica; color: rgb(69, 69, 69); min-height: 14px;\"><br/></p><p style=\"text-align:center\"><img src=\"http://114.215.89.198/dzq_api/Public/static/ueditor/php/../../../../Uploads/teaching-material/20160524/14640799896754.png\" alt=\"012916.png\" title=\"012915.png\" width=\"853\" height=\"90\" border=\"0\" hspace=\"0\" vspace=\"0\" style=\"width: 853px; height: 90px;\"/></p><p style=\"margin-top: 0px; margin-bottom: 0px; font-size: 12px; line-height: normal; font-family: Helvetica; color: rgb(69, 69, 69); min-height: 14px;\"><br/></p><p style=\"margin-top: 0px; margin-bottom: 0px; font-size: 12px; line-height: normal; font-family: &#39;.PingFang SC&#39;; color: rgb(69, 69, 69);\">下面是常见的附点音符的时值拆分：</p><p style=\"margin-top: 0px; margin-bottom: 0px; font-size: 12px; line-height: normal; font-family: Helvetica; color: rgb(69, 69, 69); min-height: 14px;\"><br/></p><p style=\"text-align:center\"><img src=\"http://114.215.89.198/dzq_api/Public/static/ueditor/php/../../../../Uploads/teaching-material/20160524/14640799778086.png\" alt=\"012917.png\" title=\"012916.png\" width=\"853\" height=\"216\" border=\"0\" hspace=\"0\" vspace=\"0\" style=\"width: 853px; height: 216px;\"/></p><p style=\"margin-top: 0px; margin-bottom: 0px; font-size: 12px; line-height: normal; font-family: Helvetica; color: rgb(69, 69, 69); min-height: 14px;\"><br/></p><p style=\"margin-top: 0px; margin-bottom: 0px; font-size: 12px; line-height: normal; font-family: &#39;.PingFang SC&#39;; color: rgb(69, 69, 69);\">连音线</p><p style=\"margin-top: 0px; margin-bottom: 0px; font-size: 12px; line-height: normal; font-family: &#39;.PingFang SC&#39;; color: rgb(69, 69, 69);\">相同的两个（或多个）音高的音之间的连线，叫做连音线。连音线连接两个（或多个）相同音高的音符，在发音的时候实际只发一次音，但发音的持续时间，是连音线前后两个（或多个）音时值的总和。</p><p style=\"margin-top: 0px; margin-bottom: 0px; font-size: 12px; line-height: normal; font-family: Helvetica; color: rgb(69, 69, 69); min-height: 14px;\"><br/></p><p style=\"margin-top: 0px; margin-bottom: 0px; font-size: 12px; line-height: normal; font-family: &#39;.PingFang SC&#39;; color: rgb(69, 69, 69);\">我们来举个例子，可以看到下面这条乐谱，一共有<span style=\"line-height: normal; font-family: Helvetica;\"> 8 </span>个音符，两个小节。有一根连线连接着第四和第五个音符，跨越了小节线。</p><p style=\"margin-top: 0px; margin-bottom: 0px; font-size: 12px; line-height: normal; font-family: Helvetica; color: rgb(69, 69, 69); min-height: 14px;\"><br/></p><p style=\"text-align:center\"><img src=\"http://114.215.89.198/dzq_api/Public/static/ueditor/php/../../../../Uploads/teaching-material/20160524/14640799664518.png\" alt=\"012918.png\" title=\"012917.png\" width=\"853\" height=\"347\" border=\"0\" hspace=\"0\" vspace=\"0\" style=\"width: 853px; height: 347px;\"/></p><p style=\"margin-top: 0px; margin-bottom: 0px; font-size: 12px; line-height: normal; font-family: Helvetica; color: rgb(69, 69, 69); min-height: 14px;\"><br/></p><p style=\"margin-top: 0px; margin-bottom: 0px; font-size: 12px; line-height: normal; font-family: &#39;.PingFang SC&#39;; color: rgb(69, 69, 69);\">仔细观察，看第四个音符和第五个音符，用连音线连在了一起。</p><p style=\"margin-top: 0px; margin-bottom: 0px; font-size: 12px; line-height: normal; font-family: Helvetica; color: rgb(69, 69, 69); min-height: 14px;\"><br/></p><p style=\"text-align:center\"><img src=\"http://114.215.89.198/dzq_api/Public/static/ueditor/php/../../../../Uploads/teaching-material/20160524/1464079941149.png\" alt=\"012919.png\" title=\"012919.png\" width=\"853\" height=\"152\" border=\"0\" hspace=\"0\" vspace=\"0\" style=\"width: 853px; height: 152px;\"/></p><p style=\"margin-top: 0px; margin-bottom: 0px; font-size: 12px; line-height: normal; font-family: Helvetica; color: rgb(69, 69, 69); min-height: 14px;\"><br/></p><p style=\"margin-top: 0px; margin-bottom: 0px; font-size: 12px; line-height: normal; font-family: &#39;.PingFang SC&#39;; color: rgb(69, 69, 69);\">如果我们把中间的小节线擦掉，那这上一条乐谱其实就等于这一条乐谱。</p><p style=\"margin-top: 0px; margin-bottom: 0px; font-size: 12px; line-height: normal; font-family: Helvetica; color: rgb(69, 69, 69); min-height: 14px;\"><br/></p><p style=\"text-align:center\"><img src=\"http://114.215.89.198/dzq_api/Public/static/ueditor/php/../../../../Uploads/teaching-material/20160524/1464079933645.png\" alt=\"012920.png\" title=\"012920.png\" width=\"853\" height=\"152\" border=\"0\" hspace=\"0\" vspace=\"0\" style=\"width: 853px; height: 152px;\"/></p>'),(71,'第六课：半音，全音，临时记号','<p style=\"margin-top: 0px; margin-bottom: 2px; font-size: 14px; line-height: normal; font-family: &#39;.PingFang SC&#39;; color: rgb(69, 69, 69);\">第六课：半音，全音，临时记号</p><p style=\"margin-top: 0px; margin-bottom: 0px; font-size: 12px; line-height: normal; font-family: Helvetica; color: rgb(69, 69, 69); min-height: 14px;\"><br/></p><p style=\"margin-top: 0px; margin-bottom: 0px; font-size: 12px; line-height: normal; font-family: &#39;.PingFang SC&#39;; color: rgb(69, 69, 69);\">半音</p><p style=\"margin-top: 0px; margin-bottom: 0px; font-size: 12px; line-height: normal; font-family: &#39;.PingFang SC&#39;; color: rgb(69, 69, 69);\">半音是指在钢琴键盘上，两个相邻的琴键弹出的音的距离。</p><p style=\"margin-top: 0px; margin-bottom: 0px; font-size: 12px; line-height: normal; font-family: Helvetica; color: rgb(69, 69, 69); min-height: 14px;\"><br/></p><p style=\"margin-top: 0px; margin-bottom: 0px; font-size: 12px; line-height: normal; font-family: Helvetica; color: rgb(69, 69, 69); min-height: 14px;\"><br/></p><p style=\"margin-top: 0px; margin-bottom: 0px; font-size: 12px; line-height: normal; font-family: &#39;.PingFang SC&#39;; color: rgb(69, 69, 69);\">如图所示，琴键<span style=\"line-height: normal; font-family: Helvetica;\"> 1 </span>和琴键<span style=\"line-height: normal; font-family: Helvetica;\"> 2</span>，它们是相邻的两个琴键。这两个琴键对应的两个音高，它们是半音关系。</p><p style=\"margin-top: 0px; margin-bottom: 0px; font-size: 12px; line-height: normal; font-family: Helvetica; color: rgb(69, 69, 69); min-height: 14px;\"><br/></p><p style=\"text-align:center\"><img src=\"http://114.215.89.198/dzq_api/Public/static/ueditor/php/../../../../Uploads/teaching-material/20160524/14640801087715.png\" alt=\"012921.png\" title=\"012921.png\" width=\"853\" height=\"134\" border=\"0\" hspace=\"0\" vspace=\"0\" style=\"width: 853px; height: 134px;\"/></p><p style=\"margin-top: 0px; margin-bottom: 0px; font-size: 12px; line-height: normal; font-family: Helvetica; color: rgb(69, 69, 69); min-height: 14px;\"><br/></p><p style=\"margin-top: 0px; margin-bottom: 0px; font-size: 12px; line-height: normal; font-family: &#39;.PingFang SC&#39;; color: rgb(69, 69, 69);\">半音不一定发生在白键与黑键之间。</p><p style=\"margin-top: 0px; margin-bottom: 0px; font-size: 12px; line-height: normal; font-family: &#39;.PingFang SC&#39;; color: rgb(69, 69, 69);\">比如下面这个例子，琴键<span style=\"line-height: normal; font-family: Helvetica;\"> 1 </span>和琴键<span style=\"line-height: normal; font-family: Helvetica;\"> 2 </span>也是相邻的，但是它们都是白键。</p><p style=\"margin-top: 0px; margin-bottom: 0px; font-size: 12px; line-height: normal; font-family: Helvetica; color: rgb(69, 69, 69); min-height: 14px;\"><br/></p><p style=\"text-align:center\"><img src=\"http://114.215.89.198/dzq_api/Public/static/ueditor/php/../../../../Uploads/teaching-material/20160524/14640801182432.png\" alt=\"012922.png\" title=\"012922.png\" width=\"853\" height=\"110\" border=\"0\" hspace=\"0\" vspace=\"0\" style=\"width: 853px; height: 110px;\"/></p><p style=\"margin-top: 0px; margin-bottom: 0px; font-size: 12px; line-height: normal; font-family: Helvetica; color: rgb(69, 69, 69); min-height: 14px;\"><br/></p><p style=\"margin-top: 0px; margin-bottom: 0px; font-size: 12px; line-height: normal; font-family: &#39;.PingFang SC&#39;; color: rgb(69, 69, 69);\">全音</p><p style=\"margin-top: 0px; margin-bottom: 0px; font-size: 12px; line-height: normal; font-family: &#39;.PingFang SC&#39;; color: rgb(69, 69, 69);\">全音是两个连续的半音的距离。一个全音等于两个半音。</p><p style=\"margin-top: 0px; margin-bottom: 0px; font-size: 12px; line-height: normal; font-family: Helvetica; color: rgb(69, 69, 69); min-height: 14px;\"><br/></p><p style=\"margin-top: 0px; margin-bottom: 0px; font-size: 12px; line-height: normal; font-family: &#39;.PingFang SC&#39;; color: rgb(69, 69, 69);\">琴键<span style=\"line-height: normal; font-family: Helvetica;\"> 1 </span>和琴键<span style=\"line-height: normal; font-family: Helvetica;\"> 3</span>，这两个琴键所对应的两个音高，他们是一个全音的关系。</p><p style=\"margin-top: 0px; margin-bottom: 0px; font-size: 12px; line-height: normal; font-family: Helvetica; color: rgb(69, 69, 69); min-height: 14px;\"><br/></p><p style=\"text-align:center\"><img src=\"http://114.215.89.198/dzq_api/Public/static/ueditor/php/../../../../Uploads/teaching-material/20160524/14640801277690.png\" alt=\"012923.png\" title=\"012923.png\" width=\"853\" height=\"133\" border=\"0\" hspace=\"0\" vspace=\"0\" style=\"width: 853px; height: 133px;\"/></p><p style=\"margin-top: 0px; margin-bottom: 0px; font-size: 12px; line-height: normal; font-family: Helvetica; color: rgb(69, 69, 69); min-height: 14px;\"><br/></p><p style=\"margin-top: 0px; margin-bottom: 0px; font-size: 12px; line-height: normal; font-family: &#39;.PingFang SC&#39;; color: rgb(69, 69, 69);\">上面这个例子中，琴键<span style=\"line-height: normal; font-family: Helvetica;\"> 1 </span>和琴键<span style=\"line-height: normal; font-family: Helvetica;\"> 2 </span>所对应的两个音高是半音关系，琴键<span style=\"line-height: normal; font-family: Helvetica;\"> 2 </span>和琴键<span style=\"line-height: normal; font-family: Helvetica;\"> 3 </span>所对应的两个音高也是半音关系。因此，琴键<span style=\"line-height: normal; font-family: Helvetica;\"> 1 </span>和琴键<span style=\"line-height: normal; font-family: Helvetica;\"> 3</span>，这两个琴键所对应的两个音高，是全音关系。</p><p style=\"margin-top: 0px; margin-bottom: 0px; font-size: 12px; line-height: normal; font-family: &#39;.PingFang SC&#39;; color: rgb(69, 69, 69);\">临时记号</p><p style=\"margin-top: 0px; margin-bottom: 0px; font-size: 12px; line-height: normal; font-family: &#39;.PingFang SC&#39;; color: rgb(69, 69, 69);\">临时记号，是临时用于改变一个音符音高的音乐记号。</p><p style=\"margin-top: 0px; margin-bottom: 0px; font-size: 12px; line-height: normal; font-family: Helvetica; color: rgb(69, 69, 69); min-height: 14px;\"><br/></p><p style=\"margin-top: 0px; margin-bottom: 0px; font-size: 12px; line-height: normal; font-family: &#39;.PingFang SC&#39;; color: rgb(69, 69, 69);\">首先我们来学习一下临时降音记号（一般称为<span style=\"line-height: normal; font-family: Helvetica;\"> </span>“降号”）和临时升音记号（一般称为<span style=\"line-height: normal; font-family: Helvetica;\"> </span>“升号”）。</p><p style=\"margin-top: 0px; margin-bottom: 0px; font-size: 12px; line-height: normal; font-family: Helvetica; color: rgb(69, 69, 69); min-height: 14px;\"><br/></p><p style=\"text-align:center\"><img src=\"http://114.215.89.198/dzq_api/Public/static/ueditor/php/../../../../Uploads/teaching-material/20160524/146408013617.png\" alt=\"012924.png\" title=\"012924.png\" width=\"853\" height=\"126\" border=\"0\" hspace=\"0\" vspace=\"0\" style=\"width: 853px; height: 126px;\"/></p><p style=\"margin-top: 0px; margin-bottom: 0px; font-size: 12px; line-height: normal; font-family: Helvetica; color: rgb(69, 69, 69); min-height: 14px;\"><br/></p><p style=\"margin-top: 0px; margin-bottom: 0px; font-size: 12px; line-height: normal; font-family: &#39;.PingFang SC&#39;; color: rgb(69, 69, 69);\">降号和升号都是标记在音符的前面的。</p><p style=\"margin-top: 0px; margin-bottom: 0px; font-size: 12px; line-height: normal; font-family: &#39;.PingFang SC&#39;; color: rgb(69, 69, 69);\">标记了降号的音符，它的音高应该降低一个半音。</p><p style=\"margin-top: 0px; margin-bottom: 0px; font-size: 12px; line-height: normal; font-family: Helvetica; color: rgb(69, 69, 69); min-height: 14px;\"><br/></p><p style=\"margin-top: 0px; margin-bottom: 0px; font-size: 12px; line-height: normal; font-family: &#39;.PingFang SC&#39;; color: rgb(69, 69, 69);\">标记了升号的音符，它的音高应该升高一个半音。</p><p style=\"margin-top: 0px; margin-bottom: 0px; font-size: 12px; line-height: normal; font-family: Helvetica; color: rgb(69, 69, 69); min-height: 14px;\"><br/></p><p style=\"margin-top: 0px; margin-bottom: 0px; font-size: 12px; line-height: normal; font-family: &#39;.PingFang SC&#39;; color: rgb(69, 69, 69);\">打字的时候，我们一般用<span style=\"line-height: normal; font-family: Helvetica;\"> # </span>号表示升号，用<span style=\"line-height: normal; font-family: Helvetica;\"> b </span>表示降号。</p><p style=\"margin-top: 0px; margin-bottom: 0px; font-size: 12px; line-height: normal; font-family: &#39;.PingFang SC&#39;; color: rgb(69, 69, 69);\">接下来来看个例子。下图中的红色琴键是<span style=\"line-height: normal; font-family: Helvetica;\"> C </span>音和<span style=\"line-height: normal; font-family: Helvetica;\"> D </span>音之间的一个黑键。</p><p style=\"margin-top: 0px; margin-bottom: 0px; font-size: 12px; line-height: normal; font-family: Helvetica; color: rgb(69, 69, 69); min-height: 14px;\"><br/></p><p style=\"text-align:center\"><img src=\"http://114.215.89.198/dzq_api/Public/static/ueditor/php/../../../../Uploads/teaching-material/20160524/14640801508500.png\" alt=\"012925.png\" title=\"012925.png\" width=\"853\" height=\"152\" border=\"0\" hspace=\"0\" vspace=\"0\" style=\"width: 853px; height: 152px;\"/></p><p style=\"margin-top: 0px; margin-bottom: 0px; font-size: 12px; line-height: normal; font-family: Helvetica; color: rgb(69, 69, 69); min-height: 14px;\"><br/></p><p style=\"margin-top: 0px; margin-bottom: 0px; font-size: 12px; line-height: normal; font-family: &#39;.PingFang SC&#39;; color: rgb(69, 69, 69);\">这个琴键对应的音高，叫做<span style=\"line-height: normal; font-family: Helvetica;\"> C#</span>（升<span style=\"line-height: normal; font-family: Helvetica;\"> C</span>），它比<span style=\"line-height: normal; font-family: Helvetica;\"> C </span>音高一个半音。</p><p style=\"margin-top: 0px; margin-bottom: 0px; font-size: 12px; line-height: normal; font-family: Helvetica; color: rgb(69, 69, 69); min-height: 14px;\"><br/></p><p style=\"text-align:center\"><img src=\"http://114.215.89.198/dzq_api/Public/static/ueditor/php/../../../../Uploads/teaching-material/20160524/14640802721486.png\" alt=\"012926.png\" title=\"012926.png\" width=\"853\" height=\"152\" border=\"0\" hspace=\"0\" vspace=\"0\" style=\"width: 853px; height: 152px;\"/></p><p style=\"margin-top: 0px; margin-bottom: 0px; font-size: 12px; line-height: normal; font-family: Helvetica; color: rgb(69, 69, 69); min-height: 14px;\"><br/></p><p style=\"margin-top: 0px; margin-bottom: 0px; font-size: 12px; line-height: normal; font-family: &#39;.PingFang SC&#39;; color: rgb(69, 69, 69);\">接下来我们举一个特别一些的例子。</p><p style=\"margin-top: 0px; margin-bottom: 0px; font-size: 12px; line-height: normal; font-family: &#39;.PingFang SC&#39;; color: rgb(69, 69, 69);\"><span style=\"line-height: normal; font-family: Helvetica;\">E </span>音和<span style=\"line-height: normal; font-family: Helvetica;\"> F </span>音是相邻的两个白键。<span style=\"line-height: normal; font-family: Helvetica;\">E </span>音其实和<span style=\"line-height: normal; font-family: Helvetica;\"> Fb </span>音是相同的音高。<span style=\"line-height: normal; font-family: Helvetica;\">E </span>音比<span style=\"line-height: normal; font-family: Helvetica;\"> F </span>音低一个半音。</p><p style=\"margin-top: 0px; margin-bottom: 0px; font-size: 12px; line-height: normal; font-family: Helvetica; color: rgb(69, 69, 69); min-height: 14px;\"><br/></p><p style=\"text-align:center\"><img src=\"http://114.215.89.198/dzq_api/Public/static/ueditor/php/../../../../Uploads/teaching-material/20160524/14640802626492.png\" alt=\"012927.png\" title=\"012927.png\" width=\"853\" height=\"152\" border=\"0\" hspace=\"0\" vspace=\"0\" style=\"width: 853px; height: 152px;\"/></p><p style=\"margin-top: 0px; margin-bottom: 0px; font-size: 12px; line-height: normal; font-family: Helvetica; color: rgb(69, 69, 69); min-height: 14px;\"><br/></p><p style=\"margin-top: 0px; margin-bottom: 0px; font-size: 12px; line-height: normal; font-family: &#39;.PingFang SC&#39;; color: rgb(69, 69, 69);\">同理，<span style=\"line-height: normal; font-family: Helvetica;\">F </span>音和<span style=\"line-height: normal; font-family: Helvetica;\"> E# </span>音是同一个音高。</p><p style=\"margin-top: 0px; margin-bottom: 0px; font-size: 12px; line-height: normal; font-family: Helvetica; color: rgb(69, 69, 69); min-height: 14px;\"><br/></p><p style=\"text-align:center\"><img src=\"http://114.215.89.198/dzq_api/Public/static/ueditor/php/../../../../Uploads/teaching-material/20160524/1464080253906.png\" alt=\"012928.png\" title=\"012928.png\" width=\"853\" height=\"155\" border=\"0\" hspace=\"0\" vspace=\"0\" style=\"width: 853px; height: 155px;\"/></p><p style=\"margin-top: 0px; margin-bottom: 0px; font-size: 12px; line-height: normal; font-family: Helvetica; color: rgb(69, 69, 69); min-height: 14px;\"><br/></p><p style=\"margin-top: 0px; margin-bottom: 0px; font-size: 12px; line-height: normal; font-family: &#39;.PingFang SC&#39;; color: rgb(69, 69, 69);\">接下来，我们来讨论一下重升记号和重降记号。</p><p style=\"margin-top: 0px; margin-bottom: 0px; font-size: 12px; line-height: normal; font-family: &#39;.PingFang SC&#39;; color: rgb(69, 69, 69);\">我们已经学过，降号的作用是让一个音符的音高降低一个半音，那么重降号的作用，就是让一个音符的音高降低两个半音，也就是一个全音。同理，重升号的作用就是，让一个音符的音高升高两个半音，也就是一个全音。</p><p style=\"margin-top: 0px; margin-bottom: 0px; font-size: 12px; line-height: normal; font-family: &#39;.PingFang SC&#39;; color: rgb(69, 69, 69);\">打字的时候，我们一般用<span style=\"line-height: normal; font-family: Helvetica;\"> x </span>号表示重升号，用<span style=\"line-height: normal; font-family: Helvetica;\"> bb </span>表示重降号。</p><p style=\"margin-top: 0px; margin-bottom: 0px; font-size: 12px; line-height: normal; font-family: &#39;.PingFang SC&#39;; color: rgb(69, 69, 69);\">接下来来看个例子。下图中的红色琴键是是一个<span style=\"line-height: normal; font-family: Helvetica;\"> D </span>音，<span style=\"line-height: normal; font-family: Helvetica;\">E </span>音降低两个半音以后的音高就是<span style=\"line-height: normal; font-family: Helvetica;\"> D </span>音。因此<span style=\"line-height: normal; font-family: Helvetica;\"> D </span>音和<span style=\"line-height: normal; font-family: Helvetica;\"> Ebb </span>的音高其实是相同的。</p><p style=\"margin-top: 0px; margin-bottom: 0px; font-size: 12px; line-height: normal; font-family: Helvetica; color: rgb(69, 69, 69); min-height: 14px;\"><br/></p><p style=\"text-align:center\"><img src=\"http://114.215.89.198/dzq_api/Public/static/ueditor/php/../../../../Uploads/teaching-material/20160524/14640802458336.png\" alt=\"012929.png\" title=\"012929.png\" width=\"853\" height=\"152\" border=\"0\" hspace=\"0\" vspace=\"0\" style=\"width: 853px; height: 152px;\"/></p><p style=\"margin-top: 0px; margin-bottom: 0px; font-size: 12px; line-height: normal; font-family: Helvetica; color: rgb(69, 69, 69); min-height: 14px;\"><br/></p><p style=\"margin-top: 0px; margin-bottom: 0px; font-size: 12px; line-height: normal; font-family: &#39;.PingFang SC&#39;; color: rgb(69, 69, 69);\"><span style=\"line-height: normal; font-family: Helvetica;\">D </span>音和<span style=\"line-height: normal; font-family: Helvetica;\"> Cx </span>也是相同的音高。</p><p style=\"margin-top: 0px; margin-bottom: 0px; font-size: 12px; line-height: normal; font-family: Helvetica; color: rgb(69, 69, 69); min-height: 14px;\"><br/></p><p style=\"text-align:center\"><img src=\"http://114.215.89.198/dzq_api/Public/static/ueditor/php/../../../../Uploads/teaching-material/20160524/14640802364480.png\" alt=\"012930.png\" title=\"012930.png\" width=\"853\" height=\"152\" border=\"0\" hspace=\"0\" vspace=\"0\" style=\"width: 853px; height: 152px;\"/></p><p style=\"margin-top: 0px; margin-bottom: 0px; font-size: 12px; line-height: normal; font-family: Helvetica; color: rgb(69, 69, 69); min-height: 14px;\"><br/></p><p style=\"margin-top: 0px; margin-bottom: 0px; font-size: 12px; line-height: normal; font-family: &#39;.PingFang SC&#39;; color: rgb(69, 69, 69);\">最后，我们来介绍一下还原记号，还原记号的作用是把一个音符的音高还原成这个音符白键所对应的音高。</p><p style=\"margin-top: 0px; margin-bottom: 0px; font-size: 12px; line-height: normal; font-family: Helvetica; color: rgb(69, 69, 69); min-height: 14px;\"><br/></p><p style=\"text-align:center\"><img src=\"http://114.215.89.198/dzq_api/Public/static/ueditor/php/../../../../Uploads/teaching-material/20160524/14640802261112.png\" alt=\"012931.png\" title=\"012931.png\" width=\"853\" height=\"106\" border=\"0\" hspace=\"0\" vspace=\"0\" style=\"width: 853px; height: 106px;\"/></p><p style=\"margin-top: 0px; margin-bottom: 0px; font-size: 12px; line-height: normal; font-family: Helvetica; color: rgb(69, 69, 69); min-height: 14px;\"><br/></p><p style=\"margin-top: 0px; margin-bottom: 0px; font-size: 12px; line-height: normal; font-family: &#39;.PingFang SC&#39;; color: rgb(69, 69, 69);\">关于还原记号的用法，我们在以后的课程中会详细介绍。</p><p><br/></p>');

/*Table structure for table `user` */

DROP TABLE IF EXISTS `user`;

CREATE TABLE `user` (
  `id` int(11) NOT NULL AUTO_INCREMENT,
  `name` char(32) DEFAULT NULL COMMENT '用户昵称',
  `account` varchar(45) NOT NULL COMMENT '账号',
  `password` varchar(45) NOT NULL COMMENT '密码',
  `token` varchar(45) DEFAULT NULL,
  `age` int(11) DEFAULT NULL COMMENT '年龄',
  `sex` int(11) DEFAULT '1' COMMENT '''性别:1:男，0：女''',
  `phone` varchar(11) DEFAULT NULL,
  `email` varchar(20) DEFAULT NULL,
  `status` tinyint(1) DEFAULT '1' COMMENT '''0:删除；1：正常''',
  `logo_time` char(10) DEFAULT NULL COMMENT '最后登录时间',
  PRIMARY KEY (`id`)
) ENGINE=InnoDB AUTO_INCREMENT=5 DEFAULT CHARSET=utf8;

/*Data for the table `user` */

insert  into `user`(`id`,`name`,`account`,`password`,`token`,`age`,`sex`,`phone`,`email`,`status`,`logo_time`) values (2,NULL,'15737312824','e10adc3949ba59abbe56e057f20f883e','5bc9e2acfc3c5397909d917178a22fd6',NULL,1,'15737312824',NULL,1,'1465811762'),(3,NULL,'15560231173','df10ef8509dc176d733d59549e7dbfaf','69603e78d4eea28b8848e2dae0deffd9',NULL,1,'15560231173',NULL,1,'1464156293'),(4,NULL,'15237381295','b7df7d2643a7d2058f00b9d7c63d9db6','25e9c0e6b0b88ff65a014f04a7cbeb05',NULL,1,'15237381295',NULL,1,'1464273697');

/*Table structure for table `user_collect` */

DROP TABLE IF EXISTS `user_collect`;

CREATE TABLE `user_collect` (
  `id` int(11) NOT NULL AUTO_INCREMENT COMMENT '自增id\n',
  `user_token` varchar(50) NOT NULL COMMENT '用户id',
  `music_id` int(11) NOT NULL COMMENT '收藏的曲目的id',
  `music_type` int(10) NOT NULL COMMENT '音乐类别',
  `status` tinyint(1) NOT NULL DEFAULT '1' COMMENT '0:取消收藏；1：收藏状态',
  PRIMARY KEY (`id`)
) ENGINE=InnoDB AUTO_INCREMENT=96 DEFAULT CHARSET=utf8;

/*Data for the table `user_collect` */

insert  into `user_collect`(`id`,`user_token`,`music_id`,`music_type`,`status`) values (85,'5bc9e2acfc3c5397909d917178a22fd6',71,41,1),(86,'5bc9e2acfc3c5397909d917178a22fd6',55,37,1),(95,'5bc9e2acfc3c5397909d917178a22fd6',61,41,1);

/*Table structure for table `user_practice` */

DROP TABLE IF EXISTS `user_practice`;

CREATE TABLE `user_practice` (
  `id` int(11) NOT NULL,
  `user_token` varchar(45) DEFAULT NULL COMMENT '用户token\n',
  `music_id` int(11) DEFAULT NULL COMMENT '谱库id\n',
  `last_time` varchar(45) DEFAULT NULL COMMENT '上次练习时间\n',
  `rate` char(5) DEFAULT NULL COMMENT '正确率',
  PRIMARY KEY (`id`)
) ENGINE=InnoDB DEFAULT CHARSET=utf8;

/*Data for the table `user_practice` */

/*!40101 SET SQL_MODE=@OLD_SQL_MODE */;
/*!40014 SET FOREIGN_KEY_CHECKS=@OLD_FOREIGN_KEY_CHECKS */;
/*!40014 SET UNIQUE_CHECKS=@OLD_UNIQUE_CHECKS */;
/*!40111 SET SQL_NOTES=@OLD_SQL_NOTES */;
